Workbook

Sheet Calificacion
F1: M01A02
B2: Calificación 1.2. Modelación hidrológica para obtención de caudales de diseño e hidrogramas para tránsito de crecientes
B4: Código | C4: Calificar sobre | D4: Calificación profesor | E4: Autocalificación alumno | F4: Calificación final
B5: Grupo 1 | C5: 5 | D5: =Detalle!J23*C5/5 -> 0 | E5: 5 | F5: =AVERAGE(D5:E5) -> 2.5
B6: Grupo 2 | C6: 5 | D6: =Detalle!V23*C6/5 -> 0 | F6: =AVERAGE(D6:E6) -> 0
B7: Grupo 3 | C7: 5 | D7: =Detalle!AH23*C7/5 -> 0 | F7: =AVERAGE(D7:E7) -> 0
B8: Grupo 4 | C8: 5 | D8: =Detalle!AT23*C8/5 -> 0 | F8: =AVERAGE(D8:E8) -> 0
B9: Grupo 5 | C9: 5 | D9: =Detalle!BF23*C9/5 -> 0 | F9: =AVERAGE(D9:E9) -> 0
B10: Grupo 6 | C10: 5 | D10: =Detalle!BR23*C10/5 -> 0 | F10: =AVERAGE(D10:E10) -> 0
B11: Grupo 7 | C11: 5 | D11: =Detalle!CD23*C11/5 -> 0 | F11: =AVERAGE(D11:E11) -> 0
B12: Grupo 8 | C12: 5 | D12: =Detalle!CP23*C12/5 -> 0 | F12: =AVERAGE(D12:E12) -> 0
B13: Grupo 9 | C13: 5 | D13: =Detalle!DB23*C13/5 -> 0 | F13: =AVERAGE(D13:E13) -> 0
B14: Grupo 10 | C14: 5 | D14: =Detalle!DN23*C14/5 -> 0 | F14: =AVERAGE(D14:E14) -> 0
B15: Grupo 11 | C15: 5 | D15: =Detalle!DZ23*C15/5 -> 0 | F15: =AVERAGE(D15:E15) -> 0
B16: Grupo 12 | C16: 5 | D16: =Detalle!EL23*C16/5 -> 0 | F16: =AVERAGE(D16:E16) -> 0
B17: Grupo 13 | C17: 5 | D17: =Detalle!EX23*C17/5 -> 0 | F17: =AVERAGE(D17:E17) -> 0
B18: =HYPERLINK(_xlfn.CONCAT("https://github.com/rcfdtools/R.HCMC/blob/main/activity/",F1,"/Readme.md"),_xlfn.CONCAT("Ir a actividad ",F1," en GitHub.")) -> Ir a actividad M01A02 en GitHub.

Sheet Detalle
B1: =Calificacion!B2 -> Calificación 1.2. Modelación hidrológica para obtención de caudales de diseño e hidrogramas para tránsito de crecientes
B2: Punto | C2: Descripción | D2: Valores de referencia | J2: =Calificacion!$B5 -> Grupo 1 | V2: =Calificacion!$B6 -> Grupo 2 | AH2: =Calificacion!$B7 -> Grupo 3 | AT2: =Calificacion!$B8 -> Grupo 4 | BF2: =Calificacion!$B9 -> Grupo 5 | BR2: =Calificacion!$B10 -> Grupo 6 | CD2: =Calificacion!$B11 -> Grupo 7 | CP2: =Calificacion!$B12 -> Grupo 8 | DB2: =Calificacion!$B13 -> Grupo 9 | DN2: =Calificacion!$B14 -> Grupo 10 | DZ2: =Calificacion!$B15 -> Grupo 11 | EL2: =Calificacion!$B16 -> Grupo 12 | EX2: =Calificacion!$B17 -> Grupo 13
D3: Área, km² | E3: Fa 6hr | F3: Fa 9h | G3: Precip. media, mm | H3: Evap. media, mm | I3: Qm, m³/s | J3: Duración lluvia, H | K3: Área, km² | L3: Fa, Factor atenuación | M3: Q2.33, m³/s | N3: Q5, m³/s | O3: Q10, m³/s | P3: Q25, m³/s | Q3: Q50, m³/s | R3: Q100, m³/s | S3: Precip. media, mm | T3: Evap. media, mm | U3: Qm, m³/s | V3: Duración lluvia, H | W3: Área, km² | X3: Fa, Factor atenuación | Y3: Q2.33, m³/s | Z3: Q5, m³/s | AA3: Q10, m³/s | AB3: Q25, m³/s | AC3: Q50, m³/s | AD3: Q100, m³/s | AE3: Precip. media, mm | AF3: Evap. media, mm | AG3: Qm, m³/s | AH3: Duración lluvia, H | AI3: Área, km² | AJ3: Fa, Factor atenuación | AK3: Q2.33, m³/s | AL3: Q5, m³/s | AM3: Q10, m³/s | AN3: Q25, m³/s | AO3: Q50, m³/s | AP3: Q100, m³/s | AQ3: Precip. media, mm | AR3: Evap. media, mm | AS3: Qm, m³/s | AT3: Duración lluvia, H | AU3: Área, km² | AV3: Fa, Factor atenuación | AW3: Q2.33, m³/s | AX3: Q5, m³/s | AY3: Q10, m³/s | AZ3: Q25, m³/s | BA3: Q50, m³/s | BB3: Q100, m³/s | BC3: Precip. media, mm | BD3: Evap. media, mm | BE3: Qm, m³/s | BF3: Duración lluvia, H | BG3: Área, km² | BH3: Fa, Factor atenuación | BI3: Q2.33, m³/s | BJ3: Q5, m³/s | BK3: Q10, m³/s | BL3: Q25, m³/s | BM3: Q50, m³/s | BN3: Q100, m³/s | BO3: Precip. media, mm | BP3: Evap. media, mm | BQ3: Qm, m³/s | BR3: Duración lluvia, H | BS3: Área, km² | BT3: Fa, Factor atenuación | BU3: Q2.33, m³/s | BV3: Q5, m³/s | BW3: Q10, m³/s | BX3: Q25, m³/s | BY3: Q50, m³/s | BZ3: Q100, m³/s | CA3: Precip. media, mm | CB3: Evap. media, mm | CC3: Qm, m³/s | CD3: Duración lluvia, H | CE3: Área, km² | CF3: Fa, Factor atenuación | CG3: Q2.33, m³/s | CH3: Q5, m³/s | CI3: Q10, m³/s | CJ3: Q25, m³/s | CK3: Q50, m³/s | CL3: Q100, m³/s | CM3: Precip. media, mm | CN3: Evap. media, mm | CO3: Qm, m³/s | CP3: Duración lluvia, H | CQ3: Área, km² | CR3: Fa, Factor atenuación | CS3: Q2.33, m³/s | CT3: Q5, m³/s | CU3: Q10, m³/s | CV3: Q25, m³/s | CW3: Q50, m³/s | CX3: Q100, m³/s | CY3: Precip. media, mm | CZ3: Evap. media, mm | DA3: Qm, m³/s | DB3: Duración lluvia, H | DC3: Área, km² | DD3: Fa, Factor atenuación | DE3: Q2.33, m³/s | DF3: Q5, m³/s | DG3: Q10, m³/s | DH3: Q25, m³/s | DI3: Q50, m³/s | DJ3: Q100, m³/s | DK3: Precip. media, mm | DL3: Evap. media, mm | DM3: Qm, m³/s | DN3: Duración lluvia, H | DO3: Área, km² | DP3: Fa, Factor atenuación | DQ3: Q2.33, m³/s | DR3: Q5, m³/s | DS3: Q10, m³/s | DT3: Q25, m³/s | DU3: Q50, m³/s | DV3: Q100, m³/s | DW3: Precip. media, mm | DX3: Evap. media, mm | DY3: Qm, m³/s | DZ3: Duración lluvia, H | EA3: Área, km² | EB3: Fa, Factor atenuación | EC3: Q2.33, m³/s | ED3: Q5, m³/s | EE3: Q10, m³/s | EF3: Q25, m³/s | EG3: Q50, m³/s | EH3: Q100, m³/s | EI3: Precip. media, mm | EJ3: Evap. media, mm | EK3: Qm, m³/s | EL3: Duración lluvia, H | EM3: Área, km² | EN3: Fa, Factor atenuación | EO3: Q2.33, m³/s | EP3: Q5, m³/s | EQ3: Q10, m³/s | ER3: Q25, m³/s | ES3: Q50, m³/s | ET3: Q100, m³/s | EU3: Precip. media, mm | EV3: Evap. media, mm | EW3: Qm, m³/s | EX3: Duración lluvia, H | EY3: Área, km² | EZ3: Fa, Factor atenuación | FA3: Q2.33, m³/s | FB3: Q5, m³/s | FC3: Q10, m³/s | FD3: Q25, m³/s | FE3: Q50, m³/s | FF3: Q100, m³/s | FG3: Precip. media, mm | FH3: Evap. media, mm | FI3: Qm, m³/s
B4: J4685 | C4: Inicio canal | D4: 185.2118 | E4: =IF(2.42152697940285*D4^(-0.256817145936596)>1,1,2.42152697940285*D4^(-0.256817145936596)) -> 0.63345114 | F4: =IF(2.16599216088011*D4^(-0.223981119529414)>1,1,2.16599216088011*D4^(-0.223981119529414)) -> 0.67257685 | G4: 1506.3183 | H4: 1232.8383 | I4: =(((G4-H4)/1000)*(D4*(1000*1000)))/(365*24*60*60) -> 1.6061555 | J4: 0 | V4: 0 | AH4: 0 | AT4: 0 | BF4: 0 | BR4: 0 | CD4: 0 | CP4: 0 | DB4: 0 | DN4: 0 | DZ4: 0 | EL4: 0 | EX4: 0
B5: SINK-1 | C5: Entrega | D5: 247.0562 | E5: =IF(2.42152697940285*D5^(-0.256817145936596)>1,1,2.42152697940285*D5^(-0.256817145936596)) -> 0.58827221 | F5: =IF(2.16599216088011*D5^(-0.223981119529414)>1,1,2.16599216088011*D5^(-0.223981119529414)) -> 0.6305446 | G5: 1507.8257 | H5: 1243.4874 | I5: =(((G5-H5)/1000)*(D5*(1000*1000)))/(365*24*60*60) -> 2.0708529
B6: J4660 | C6: Nodo descarga cauce lateral 1 | D6: 225.3574 | E6: =IF(2.42152697940285*D6^(-0.256817145936596)>1,1,2.42152697940285*D6^(-0.256817145936596)) -> 0.60232583 | F6: =IF(2.16599216088011*D6^(-0.223981119529414)>1,1,2.16599216088011*D6^(-0.223981119529414)) -> 0.64366221 | G6: 1508.4795 | H6: 1240.1193 | I6: =(((G6-H6)/1000)*(D6*(1000*1000)))/(365*24*60*60) -> 1.9177112
B7: R19120 + W19690 | C7: Cuenca lateral 1 Fa independiente (Área original HMS = 37.472 km²). Se deben leer y sumar los valores del tramo R19120 y la subcuenca W19690. | D7: 37.47 | E7: =IF(2.42152697940285*D7^(-0.256817145936596)>1,1,2.42152697940285*D7^(-0.256817145936596)) -> 0.95486144 | F7: =IF(2.16599216088011*D7^(-0.223981119529414)>1,1,2.16599216088011*D7^(-0.223981119529414)) -> 0.96201412 | G7: 1520.846 | H7: 1273.7525 | I7: =(((G7-H7)/1000)*(D7*(1000*1000)))/(365*24*60*60) -> 0.29358799
B8: R19120 + W19690 | C8: Cuenca lateral 1 Fa combinado con J4660 (Área original HMS = 37.472 km²). Se deben leer y sumar los valores del tramo R19120 y la subcuenca W19690. | D8: 37.47 | E8: 0.60232583 | F8: 0.64366221 | G8: 1520.846 | H8: 1273.7525 | I8: =(((G8-H8)/1000)*(D8*(1000*1000)))/(365*24*60*60) -> 0.29358799
B9: J4682 | C9: Nodo descarga cauce lateral 2 | D9: 243.1141 | E9: =IF(2.42152697940285*D9^(-0.256817145936596)>1,1,2.42152697940285*D9^(-0.256817145936596)) -> 0.59070733 | F9: =IF(2.16599216088011*D9^(-0.223981119529414)>1,1,2.16599216088011*D9^(-0.223981119529414)) -> 0.63282037 | G9: 1508.6614 | H9: 1243.21 | I9: =(((G9-H9)/1000)*(D9*(1000*1000)))/(365*24*60*60) -> 2.0463901
B10: W19610 | C10: Cuenca lateral 2 Fa independiente (Área original HMS = 15.195 km²) | D10: 15.195 | E10: =IF(2.42152697940285*D10^(-0.256817145936596)>1,1,2.42152697940285*D10^(-0.256817145936596)) -> 1 | F10: =IF(2.16599216088011*D10^(-0.223981119529414)>1,1,2.16599216088011*D10^(-0.223981119529414)) -> 1 | G10: 1518.3483 | H10: 1285.8089 | I10: =(((G10-H10)/1000)*(D10*(1000*1000)))/(365*24*60*60) -> 0.11204453
B11: W19610 | C11: Cuenca lateral 2 Fa combinado con J4682 (Área original HMS = 15.195 km²) | D11: 15.195 | E11: 0.59070733 | F11: 0.63282037 | G11: 1518.3483 | H11: 1285.8089 | I11: =(((G11-H11)/1000)*(D11*(1000*1000)))/(365*24*60*60) -> 0.11204453
B12: W19560 | C12: Cuenca escorrentía directa (opcional si esta área se descuenta del nodo J4660 y si se considera que la escorrentía entra directa al cauce o a través de un nuevo punto - Se recomienda descarga en J4660) | D12: 2.6736 | E12: =IF(2.42152697940285*D12^(-0.256817145936596)>1,1,2.42152697940285*D12^(-0.256817145936596)) -> 1 | F12: =IF(2.16599216088011*D12^(-0.223981119529414)>1,1,2.16599216088011*D12^(-0.223981119529414)) -> 1
B13: W19520 | C13: Cuenca huérfana con intervención minera que debe ser incorporada a uno de los nodos de entrada de cauces laterales. (opcional si al nodo J4682 se le descontó esta área) | D13: 2.56 | E13: =IF(2.42152697940285*D13^(-0.256817145936596)>1,1,2.42152697940285*D13^(-0.256817145936596)) -> 1 | F13: =IF(2.16599216088011*D13^(-0.223981119529414)>1,1,2.16599216088011*D13^(-0.223981119529414)) -> 1
B14: Varios
C15: Hietogramas en repositorio
C16: Crear la capa geográfica shapefile de localización de puntos de estudio.
C17: Libro R.HCMC.PuntoEstudio.xlsx
C18: Capturas detalladas del procedimiento de estimación de los caudales medios por estadística zonal
C19: Modelo HEC-HMS comprimido y cargado
C20: Registro de valores de diseño en libro de parámetros
C21: Informe técnico mostrando las actividades desarrolladas en el orden presentado en esta actividad, junto con los análisis y recomendaciones realizadas, convierta a Adobe Acrobat (.pdf) y guarde en la carpeta /report del repositorio de datos del proyecto.
B22: Notas: Valores en rojo corresponden a elementos que deben completados, revisados, ajustados y/o recalculados. | D22: Observaciones >>
B23: Calificación | J23: 0 | V23: 0 | AH23: 0 | AT23: 0 | BF23: 0 | BR23: 0 | CD23: 0 | CP23: 0 | DB23: 0 | DN23: 0 | DZ23: 0 | EL23: 0 | EX23: 0
