Workbook

Sheet Calificacion
F1: M01A04
B2: Calificación: 1.4. Modelo de terreno GIS 3D en estado natural (TIN) usando QGIS
B4: Código | C4: Calificar sobre | D4: Calificación instructor | E4: Autocalificación alumno | F4: Calificación final
B5: Grupo 1 | C5: 5 | D5: =Detalle!C10*C5/5 -> 0 | F5: =AVERAGE(D5:E5) -> 0
B6: Grupo 2 | C6: 5 | D6: =Detalle!E10*C6/5 -> 0 | F6: =AVERAGE(D6:E6) -> 0
B7: Grupo 3 | C7: 5 | D7: =Detalle!G10*C7/5 -> 0 | F7: =AVERAGE(D7:E7) -> 0
B8: Grupo 4 | C8: 5 | D8: =Detalle!I10*C8/5 -> 0 | F8: =AVERAGE(D8:E8) -> 0
B9: Grupo 5 | C9: 5 | D9: =Detalle!K10*C9/5 -> 0 | F9: =AVERAGE(D9:E9) -> 0
B10: Grupo 6 | C10: 5 | D10: =Detalle!M10*C10/5 -> 0 | F10: =AVERAGE(D10:E10) -> 0
B11: Grupo 7 | C11: 5 | D11: =Detalle!O10*C11/5 -> 0 | F11: =AVERAGE(D11:E11) -> 0
B12: Grupo 8 | C12: 5 | D12: =Detalle!Q10*C12/5 -> 0 | F12: =AVERAGE(D12:E12) -> 0
B13: Grupo 9 | C13: 5 | D13: =Detalle!S10*C13/5 -> 0 | F13: =AVERAGE(D13:E13) -> 0
B14: Grupo 10 | C14: 5 | D14: =Detalle!U10*C14/5 -> 0 | F14: =AVERAGE(D14:E14) -> 0
B15: Grupo 11 | C15: 5 | D15: =Detalle!W10*C15/5 -> 0 | F15: =AVERAGE(D15:E15) -> 0
B16: Grupo 12 | C16: 5 | D16: =Detalle!Y10*C16/5 -> 0 | F16: =AVERAGE(D16:E16) -> 0
B17: Grupo 13 | C17: 5 | D17: =Detalle!AA10*C17/5 -> 0 | F17: =AVERAGE(D17:E17) -> 0
B18: Grupo 14 | C18: 5 | D18: =Detalle!AC10*C18/5 -> 0 | F18: =AVERAGE(D18:E18) -> 0
B19: https://github.com/rcfdtools/R.HCMC/blob/main/activity/M01A04/Readme.md

Sheet Detalle
B1: =Calificacion!B2 -> Calificación: 1.4. Modelo de terreno GIS 3D en estado natural (TIN) usando QGIS
B2: Requerimiento | C2: =Calificacion!$B5 -> Grupo 1 | E2: =Calificacion!$B6 -> Grupo 2 | G2: =Calificacion!$B7 -> Grupo 3 | I2: =Calificacion!$B8 -> Grupo 4 | K2: =Calificacion!$B9 -> Grupo 5 | M2: =Calificacion!$B10 -> Grupo 6 | O2: =Calificacion!$B11 -> Grupo 7 | Q2: =Calificacion!$B12 -> Grupo 8 | S2: =Calificacion!$B13 -> Grupo 9 | U2: =Calificacion!$B14 -> Grupo 10 | W2: =Calificacion!$B15 -> Grupo 11 | Y2: =Calificacion!$B16 -> Grupo 12 | AA2: =Calificacion!$B17 -> Grupo 13 | AC2: =Calificacion!$B18 -> Grupo 14
C3: Calificación | D3: Observaciones | E3: Calificación | F3: Observaciones | G3: Calificación | H3: Observaciones | I3: Calificación | J3: Observaciones | K3: Calificación | L3: Observaciones | M3: Calificación | N3: Observaciones | O3: Calificación | P3: Observaciones | Q3: Calificación | R3: Observaciones | S3: Calificación | T3: Observaciones | U3: Calificación | V3: Observaciones | W3: Calificación | X3: Observaciones | Y3: Calificación | Z3: Observaciones | AA3: Calificación | AB3: Observaciones | AC3: Calificación | AD3: Observaciones
B4: Modificar la red de drenaje natural CGG_DrenajeNatural_v0.shp incluyendo el eje suavizado del valle a partir del eje de proyecto asignado y eliminando los tramos remanentes naturales que serán removidos por la explotación minera, nombrar como /file/shp/CGG_DrenajeNaturalValleSuavizado_v0.shp. | C4: 0 | E4: 0 | G4: 0 | I4: 0 | K4: 0 | M4: 0 | O4: 0 | Q4: 0 | S4: 0 | U4: 0 | W4: 0 | Y4: 0 | AA4: 0 | AC4: 0
B5: Crear el modelo de terreno triangulado TIN en formato vectorial D2M y convertir a raster .tif con resolución 0.5 metros.
B6: Polígono de extensión de la capa de curvas de nivel /file/shp/CGG_CurvaNivelLidarExtent_v0.shp
B7: A partir de la grilla de terreno .tif, crear un modelo de sombreado Hillshade, guardar como /file/dem/TIN_TerrenoNaturalQGISHillshade_v0.tif.
B8: Para cada archivo creado de formas geométricas, clases de entidad, grillas y modelos de terreno, incluir capturas de pantalla en formato .jpg con el mismo nombre del archivo y en la misma ubicación del archivo dentro de las carpetas datos indicadas en cada numeral. Insertar en el reporte técnico en el numeral correspondiente incluyendo textos descriptivos.
B10: Calificación | C10: =AVERAGE(C4:C9) -> 0 | E10: =AVERAGE(E4:E9) -> 0 | G10: =AVERAGE(G4:G9) -> 0 | I10: =AVERAGE(I4:I9) -> 0 | K10: =AVERAGE(K4:K9) -> 0 | M10: =AVERAGE(M4:M9) -> 0 | O10: =AVERAGE(O4:O9) -> 0 | Q10: =AVERAGE(Q4:Q9) -> 0 | S10: =AVERAGE(S4:S9) -> 0 | U10: =AVERAGE(U4:U9) -> 0 | W10: =AVERAGE(W4:W9) -> 0 | Y10: =AVERAGE(Y4:Y9) -> 0 | AA10: =AVERAGE(AA4:AA9) -> 0 | AC10: =AVERAGE(AC4:AC9) -> 0
