Workbook

Sheet Calificacion
F1: M01A03
B2: Calificación: 1.3. Trazado del eje de valle y estimación de radios de curvatura para suavizado
B4: Código | C4: Calificar sobre | D4: Calificación profesor | E4: Autocalificación alumno | F4: Calificación final
B5: Grupo 1 | C5: 5 | D5: =Detalle!C18*C5/5 -> 0 | E5: 5 | F5: =AVERAGE(D5:E5) -> 2.5
B6: Grupo 2 | C6: 5 | D6: =Detalle!F18*C6/5 -> 0 | F6: =AVERAGE(D6:E6) -> 0
B7: Grupo 3 | C7: 5 | D7: =Detalle!I18*C7/5 -> 0 | F7: =AVERAGE(D7:E7) -> 0
B8: Grupo 4 | C8: 5 | D8: =Detalle!L18*C8/5 -> 0 | F8: =AVERAGE(D8:E8) -> 0
B9: Grupo 5 | C9: 5 | D9: =Detalle!O18*C9/5 -> 0 | F9: =AVERAGE(D9:E9) -> 0
B10: Grupo 6 | C10: 5 | D10: =Detalle!R18*C10/5 -> 0 | F10: =AVERAGE(D10:E10) -> 0
B11: Grupo 7 | C11: 5 | D11: =Detalle!U18*C11/5 -> 0 | F11: =AVERAGE(D11:E11) -> 0
B12: Grupo 8 | C12: 5 | D12: =Detalle!X18*C12/5 -> 0 | F12: =AVERAGE(D12:E12) -> 0
B13: Grupo 9 | C13: 5 | D13: =Detalle!AA18*C13/5 -> 0 | F13: =AVERAGE(D13:E13) -> 0
B14: Grupo 10 | C14: 5 | D14: =Detalle!AD18*C14/5 -> 0 | F14: =AVERAGE(D14:E14) -> 0
B15: Grupo 11 | C15: 5 | D15: =Detalle!AG18*C15/5 -> 0 | F15: =AVERAGE(D15:E15) -> 0
B16: Grupo 12 | C16: 5 | D16: =Detalle!AJ18*C16/5 -> 0 | F16: =AVERAGE(D16:E16) -> 0
B17: Grupo 13 | C17: 5 | D17: =Detalle!AM18*C17/5 -> 0 | F17: =AVERAGE(D17:E17) -> 0
B18: https://github.com/rcfdtools/R.HCMC/blob/main/activity/M01A03/Readme.md

Sheet Detalle
B1: =Calificacion!B2 -> Calificación: 1.3. Trazado del eje de valle y estimación de radios de curvatura para suavizado
B2: Requerimiento | C2: =Calificacion!$B5 -> Grupo 1 | F2: =Calificacion!$B6 -> Grupo 2 | I2: =Calificacion!$B7 -> Grupo 3 | L2: =Calificacion!$B8 -> Grupo 4 | O2: =Calificacion!$B9 -> Grupo 5 | R2: =Calificacion!$B10 -> Grupo 6 | U2: =Calificacion!$B11 -> Grupo 7 | X2: =Calificacion!$B12 -> Grupo 8 | AA2: =Calificacion!$B13 -> Grupo 9 | AD2: =Calificacion!$B14 -> Grupo 10 | AG2: =Calificacion!$B15 -> Grupo 11 | AJ2: =Calificacion!$B16 -> Grupo 12 | AM2: =Calificacion!$B17 -> Grupo 13
C3: Calificación | D3: Valor | E3: Observaciones | F3: Calificación | G3: Valor | H3: Observaciones | I3: Calificación | J3: Valor | K3: Observaciones | L3: Calificación | M3: Valor | N3: Observaciones | O3: Calificación | P3: Valor | Q3: Observaciones | R3: Calificación | S3: Valor | T3: Observaciones | U3: Calificación | V3: Valor | W3: Observaciones | X3: Calificación | Y3: Valor | Z3: Observaciones | AA3: Calificación | AB3: Valor | AC3: Observaciones | AD3: Calificación | AE3: Valor | AF3: Observaciones | AG3: Calificación | AH3: Valor | AI3: Observaciones | AJ3: Calificación | AK3: Valor | AL3: Observaciones | AM3: Calificación | AN3: Valor | AO3: Observaciones
B4: Capa geográfica puntos eje valle recto | C4: 0 | F4: 0 | I4: 0 | L4: 0 | O4: 0 | R4: 0 | U4: 0 | X4: 0 | AA4: 0 | AD4: 0 | AG4: 0 | AJ4: 0 | AM4: 0
B5: Capa geográfica eje recto valle
B6: Capa geográfica eje valle suavizado
B7: Radio de curvatura suavizado valle, m, con justificación técnica
B8: Longitud eje recto valle, m
B9: Longitud eje suavizado del valle usando arcos circulares, m
B10: Realizar el suavizado del valle usando arcos circulares y medir su longitud. Formato shapefile con georeferenciación, formato Autodesk AutoCAD y formato como alineamiento Autodesk Civil 3D. En el informe compare las longitudes obtenidas y explique las diferencias.
B11: A partir del eje suavizado del valle, cree un buffer de 1 km de ancho con terminaciones redondeadas y a partir del Atlas Geológico Colombia del año 2020, realice un recorte y analice las formaciones geológicas presentes dentro del buffer e indique que consideraciones de diseño y construcción se deben tener en cuenta. Incluya mapas detallados en el documento soporte.
B12: A partir del eje suavizado del valle, y a través de un análisis de proximidad con el Atlas Geológico Colombia del año 2020, identifique las fallas geológicas que están cerca o sobre el eje. Analice y presente recomendaciones. Incluya mapas detallados en el documento soporte.
B13: Valores registrados en libro de parámetros
B14: Capas geográficas en /file/shp/
B15: Opcional: Método adicional investigado y formulado
B16: Opcional: Verificación de formulación en libro de diseño
B18: Calificación | C18: =AVERAGE(C4:C17) -> 0 | F18: =AVERAGE(F4:F17) -> 0 | I18: =AVERAGE(I4:I17) -> 0 | L18: =AVERAGE(L4:L17) -> 0 | O18: =AVERAGE(O4:O17) -> 0 | R18: =AVERAGE(R4:R17) -> 0 | U18: =AVERAGE(U4:U17) -> 0 | X18: =AVERAGE(X4:X17) -> 0 | AA18: =AVERAGE(AA4:AA17) -> 0 | AD18: =AVERAGE(AD4:AD17) -> 0 | AG18: =AVERAGE(AG4:AG17) -> 0 | AJ18: =AVERAGE(AJ4:AJ17) -> 0 | AM18: =AVERAGE(AM4:AM17) -> 0
