Workbook

Sheet Calificacion
F1: M03A08
B2: Calificación: 3.8. Modelación de pasos de vía en modelos hidráulicos 1D
B4: Código | C4: Calificar sobre | D4: Calificación Instructor | E4: Autocalificación Alumno | F4: Calificación final
B5: Grupo 1 | C5: 5 | D5: =Detalle!C13*C5/5 -> 0 | F5: =AVERAGE(D5:E5) -> 0
B6: Grupo 2 | C6: 5 | D6: =Detalle!F13*C6/5 -> 0 | F6: =AVERAGE(D6:E6) -> 0
B7: Grupo 3 | C7: 5 | D7: =Detalle!I13*C7/5 -> 0 | F7: =AVERAGE(D7:E7) -> 0
B8: Grupo 4 | C8: 5 | D8: =Detalle!L13*C8/5 -> 0 | F8: =AVERAGE(D8:E8) -> 0
B9: Grupo 5 | C9: 5 | D9: =Detalle!O13*C9/5 -> 0 | F9: =AVERAGE(D9:E9) -> 0
B10: Grupo 6 | C10: 5 | D10: =Detalle!R13*C10/5 -> 0 | F10: =AVERAGE(D10:E10) -> 0
B11: Grupo 7 | C11: 5 | D11: =Detalle!U13*C11/5 -> 0 | F11: =AVERAGE(D11:E11) -> 0
B12: Grupo 8 | C12: 5 | D12: =Detalle!X13*C12/5 -> 0 | F12: =AVERAGE(D12:E12) -> 0
B13: Grupo 9 | C13: 5 | D13: =Detalle!AA13*C13/5 -> 0 | F13: =AVERAGE(D13:E13) -> 0
B14: Grupo 10 | C14: 5 | D14: =Detalle!AD13*C14/5 -> 0 | F14: =AVERAGE(D14:E14) -> 0
B15: Grupo 11 | C15: 5 | D15: =Detalle!AG13*C15/5 -> 0 | F15: =AVERAGE(D15:E15) -> 0
B16: Grupo 12 | C16: 5 | D16: =Detalle!AJ13*C16/5 -> 0 | F16: =AVERAGE(D16:E16) -> 0
B17: Grupo 13 | C17: 5 | D17: =Detalle!AM13*C17/5 -> 0 | F17: =AVERAGE(D17:E17) -> 0
B18: Grupo 14 | C18: 5 | D18: =Detalle!AP13*C18/5 -> 0 | F18: =AVERAGE(D18:E18) -> 0
B19: =HYPERLINK(_xlfn.CONCAT("https://github.com/rcfdtools/R.HCMC/blob/main/activity/",F1,"/Readme.md"),_xlfn.CONCAT("Ir a actividad ",F1," en GitHub.")) -> Ir a actividad M03A08 en GitHub.

Sheet Detalle
B1: =Calificacion!B2 -> Calificación: 3.8. Modelación de pasos de vía en modelos hidráulicos 1D
B2: Requerimiento | C2: =Calificacion!$B5 -> Grupo 1 | F2: =Calificacion!$B6 -> Grupo 2 | I2: =Calificacion!$B7 -> Grupo 3 | L2: =Calificacion!$B8 -> Grupo 4 | O2: =Calificacion!$B9 -> Grupo 5 | R2: =Calificacion!$B10 -> Grupo 6 | U2: =Calificacion!$B11 -> Grupo 7 | X2: =Calificacion!$B12 -> Grupo 8 | AA2: =Calificacion!$B13 -> Grupo 9 | AD2: =Calificacion!$B14 -> Grupo 10 | AG2: =Calificacion!$B15 -> Grupo 11 | AJ2: =Calificacion!$B16 -> Grupo 12 | AM2: =Calificacion!$B17 -> Grupo 13 | AP2: =Calificacion!$B18 -> Grupo 14
C3: Calificación | D3: Valor | E3: Observaciones | F3: Calificación | G3: Valor | H3: Observaciones | I3: Calificación | J3: Valor | K3: Observaciones | L3: Calificación | M3: Valor | N3: Observaciones | O3: Calificación | P3: Valor | Q3: Observaciones | R3: Calificación | S3: Valor | T3: Observaciones | U3: Calificación | V3: Valor | W3: Observaciones | X3: Calificación | Y3: Valor | Z3: Observaciones | AA3: Calificación | AB3: Valor | AC3: Observaciones | AD3: Calificación | AE3: Valor | AF3: Observaciones | AG3: Calificación | AH3: Valor | AI3: Observaciones | AJ3: Calificación | AK3: Valor | AL3: Observaciones | AM3: Calificación | AN3: Valor | AO3: Observaciones | AP3: Calificación | AQ3: Valor | AR3: Observaciones
B4: Crear una línea de perfil en formato shapefile sobre el eje de paso de vía, agregar a perfiles y visualizar a partir del modelo de terreno RAS Mapper. | C4: 0 | F4: 0 | I4: 0 | L4: 0 | O4: 0 | R4: 0 | U4: 0 | X4: 0 | AA4: 0 | AD4: 0 | AG4: 0 | AJ4: 0 | AM4: 0 | AP4: 0
B5: Identificar y eliminar secciones próximas a pasos de vía fuera del tablero. Indicar en una tabla dentro del reporte único, las abscisas de secciones eliminadas y el criterio de exclusión. En el reporte único, mostrar un esquema en planta de las secciones a eliminar.
B6: Agregar el tablero y las alcantarillas del paso de vía en grupos de 25 tuberías. En el reporte indique el periodo de diseño a transitar por el paso de vía, la altura de lámina considerada para la sección hidráulica equivalente y esquemas detallados de las secciones transversales de paso de vía y ventanas de definición de parámetros de entrada.
B7: Modelar en flujo permanente para diferentes periodos de retorno, incluido el periodo de diseño del paso de vía y hasta el Tr mayor considerado en el diseño hidráulico de la sección compuesta. En el reporte único, incluir caudales de entrada, condiciones de frontera, esquemas de perfiles, secciones transversales, llanura de inundación RAS Mapper, mapa de velocidades y líneas de corriente.
B8: Modelar en flujo no permanente el periodo de diseño del paso de vía y para el Tr mayor utilizado en el diseño geométrico de la sección compuesta. En el reporte único, incluir esquemas de hidrograma de entrada y condiciones de frontera, perfiles, secciones transversales, llanura de inundación RAS Mapper y mapa de velocidades. Analizar remansos y desbordamientos y proponer obras adicionales para ajustar la sección del canal principal, justificar técnicamente.
B9: Luego de realizada las modificaciones en el modelo hidráulico con la inclusión del paso de vía y la modelación funcional, comprimir el modelo como HECRAS_v1b_aaaammdd.zip.
B10: En el documento soporte incluya capturas de pantalla detalladas de las actividades desarrolladas y observaciones detalladas. Para la revisión se verificará el funcionamiento del modelo, los mapas de llanuras de inundación, análisis de remansos y desbordamientos en caso de que se produzcan y las obras propuestas de mitigación.
B11: Informe técnico mostrando las actividades desarrolladas en el orden presentado en esta actividad, junto con los análisis y recomendaciones realizadas, convierta a Adobe Acrobat (.pdf) y guarde en la carpeta /report del repositorio de datos del proyecto.
B13: Calificación | C13: =AVERAGE(C4:C12) -> 0 | F13: =AVERAGE(F4:F12) -> 0 | I13: =AVERAGE(I4:I12) -> 0 | L13: =AVERAGE(L4:L12) -> 0 | O13: =AVERAGE(O4:O12) -> 0 | R13: =AVERAGE(R4:R12) -> 0 | U13: =AVERAGE(U4:U12) -> 0 | X13: =AVERAGE(X4:X12) -> 0 | AA13: =AVERAGE(AA4:AA12) -> 0 | AD13: =AVERAGE(AD4:AD12) -> 0 | AG13: =AVERAGE(AG4:AG12) -> 0 | AJ13: =AVERAGE(AJ4:AJ12) -> 0 | AM13: =AVERAGE(AM4:AM12) -> 0 | AP13: =AVERAGE(AP4:AP12) -> 0
