Workbook

Sheet Calificacion
F1: M01A07
B2: Calificación: 1.7. Análisis de la pendiente de diseño en cauce y valle
B4: Código | C4: Calificar sobre | D4: Calificación Instructor | E4: Auto-calificación estudiante | F4: Calificación final
B5: Grupo 1 | C5: 5 | D5: =Detalle!C27*C5/5 -> 0 | F5: =AVERAGE(D5:E5) -> 0
B6: Grupo 2 | C6: 5 | D6: =Detalle!F27*C6/5 -> 0 | F6: =AVERAGE(D6:E6) -> 0
B7: Grupo 3 | C7: 5 | D7: =Detalle!I27*C7/5 -> 0 | F7: =AVERAGE(D7:E7) -> 0
B8: Grupo 4 | C8: 5 | D8: =Detalle!L27*C8/5 -> 0 | F8: =AVERAGE(D8:E8) -> 0
B9: Grupo 5 | C9: 5 | D9: =Detalle!O27*C9/5 -> 0 | F9: =AVERAGE(D9:E9) -> 0
B10: Grupo 6 | C10: 5 | D10: =Detalle!R27*C10/5 -> 0 | F10: =AVERAGE(D10:E10) -> 0
B11: Grupo 7 | C11: 5 | D11: =Detalle!U27*C11/5 -> 0 | F11: =AVERAGE(D11:E11) -> 0
B12: Grupo 8 | C12: 5 | D12: =Detalle!X27*C12/5 -> 0 | F12: =AVERAGE(D12:E12) -> 0
B13: Grupo 9 | C13: 5 | D13: =Detalle!AA27*C13/5 -> 0 | F13: =AVERAGE(D13:E13) -> 0
B14: Grupo 10 | C14: 5 | D14: =Detalle!AD27*C14/5 -> 0 | F14: =AVERAGE(D14:E14) -> 0
B15: Grupo 11 | C15: 5 | D15: =Detalle!AG27*C15/5 -> 0 | F15: =AVERAGE(D15:E15) -> 0
B16: Grupo 12 | C16: 5 | D16: =Detalle!AJ27*C16/5 -> 0 | F16: =AVERAGE(D16:E16) -> 0
B17: Grupo 13 | C17: 5 | D17: =Detalle!AM27*C17/5 -> 0 | F17: =AVERAGE(D17:E17) -> 0
B18: Grupo 14 | C18: 5 | D18: =Detalle!AP27*C18/5 -> 0 | F18: =AVERAGE(D18:E18) -> 0
B19: =HYPERLINK(_xlfn.CONCAT("https://github.com/rcfdtools/R.HCMC/blob/main/activity/",F1,"/Readme.md"),_xlfn.CONCAT("Ir a actividad ",F1," en GitHub.")) -> Ir a actividad M01A07 en GitHub.

Sheet Detalle
B1: =Calificacion!B2 -> Calificación: 1.7. Análisis de la pendiente de diseño en cauce y valle
B2: Requerimiento | C2: =Calificacion!B5 -> Grupo 1 | F2: =Calificacion!B6 -> Grupo 2 | I2: =Calificacion!B7 -> Grupo 3 | L2: =Calificacion!B8 -> Grupo 4 | O2: =Calificacion!B9 -> Grupo 5 | R2: =Calificacion!B10 -> Grupo 6 | U2: =Calificacion!B11 -> Grupo 7 | X2: =Calificacion!B12 -> Grupo 8 | AA2: =Calificacion!B13 -> Grupo 9 | AD2: =Calificacion!B14 -> Grupo 10 | AG2: =Calificacion!B15 -> Grupo 11 | AJ2: =Calificacion!B16 -> Grupo 12 | AM2: =Calificacion!B17 -> Grupo 13 | AP2: =Calificacion!B18 -> Grupo 14
C3: Calificación | D3: Valor | E3: Observaciones | F3: Calificación | G3: Valor | H3: Observaciones | I3: Calificación | J3: Valor | K3: Observaciones | L3: Calificación | M3: Valor | N3: Observaciones | O3: Calificación | P3: Valor | Q3: Observaciones | R3: Calificación | S3: Valor | T3: Observaciones | U3: Calificación | V3: Valor | W3: Observaciones | X3: Calificación | Y3: Valor | Z3: Observaciones | AA3: Calificación | AB3: Valor | AC3: Observaciones | AD3: Calificación | AE3: Valor | AF3: Observaciones | AG3: Calificación | AH3: Valor | AI3: Observaciones | AJ3: Calificación | AK3: Valor | AL3: Observaciones | AM3: Calificación | AN3: Valor | AO3: Observaciones | AP3: Calificación | AQ3: Valor | AR3: Observaciones
B4: Pendiente natural existente a partir de las secciones naturales de inicio y entrega.
B5: Cota fondo inicio modelación M01A06, m | C5: 0 | F5: 0 | I5: 0 | L5: 0 | O5: 0 | R5: 0 | U5: 0 | X5: 0 | AA5: 0 | AD5: 0 | AG5: 0 | AJ5: 0 | AM5: 0 | AP5: 0
B6: Cota fondo entrega modelación M01A06, m
B7: Largo tramo natural a reemplazar entrega M01A06, m
B8: Delta Y M01A06, m | D8: =D5-D6 -> 0 | G8: =G5-G6 -> 0 | J8: =J5-J6 -> 0 | M8: =M5-M6 -> 0 | P8: =P5-P6 -> 0 | S8: =S5-S6 -> 0 | V8: =V5-V6 -> 0 | Y8: =Y5-Y6 -> 0 | AB8: =AB5-AB6 -> 0 | AE8: =AE5-AE6 -> 0 | AH8: =AH5-AH6 -> 0 | AK8: =AK5-AK6 -> 0 | AN8: =AN5-AN6 -> 0 | AQ8: =AQ5-AQ6 -> 0
B9: Delta Y M01A06, m
B10: Largo tramo natural a reemplazar, m
B11: Pendiente, m/m | D11: =D9/D10 -> #DIV/0! | G11: =G9/G10 -> #DIV/0! | J11: =J9/J10 -> #DIV/0! | M11: =M9/M10 -> #DIV/0! | P11: =P9/P10 -> #DIV/0! | S11: =S9/S10 -> #DIV/0! | V11: =V9/V10 -> #DIV/0! | Y11: =Y9/Y10 -> #DIV/0! | AB11: =AB9/AB10 -> #DIV/0! | AE11: =AE9/AE10 -> #DIV/0! | AH11: =AH9/AH10 -> #DIV/0! | AK11: =AK9/AK10 -> #DIV/0! | AN11: =AN9/AN10 -> #DIV/0! | AQ11: =AQ9/AQ10 -> #DIV/0!
B12: Pendiente media por subtramos a partir de secciones transversales de muestreo
B13: # secciones evaluadas
B14: Largo tramo evaluado, m
B15: Pendiente, m/m
B16: Pendiente del valle suavizado
B17: Delta Y M01A07, m
B18: Largo valle suavizado entrega M01A03, m
B19: Largo valle suavizado, m
B20: Pendiente, m/m | D20: =D17/D19 -> #DIV/0! | G20: =G17/G19 -> #DIV/0! | J20: =J17/J19 -> #DIV/0! | M20: =M17/M19 -> #DIV/0! | P20: =P17/P19 -> #DIV/0! | S20: =S17/S19 -> #DIV/0! | V20: =V17/V19 -> #DIV/0! | Y20: =Y17/Y19 -> #DIV/0! | AB20: =AB17/AB19 -> #DIV/0! | AE20: =AE17/AE19 -> #DIV/0! | AH20: =AH17/AH19 -> #DIV/0! | AK20: =AK17/AK19 -> #DIV/0! | AN20: =AN17/AN19 -> #DIV/0! | AQ20: =AQ17/AQ19 -> #DIV/0!
B21: Varios
B22: Justificar técnicamente la pendiente de diseño del cauce sinuoso artificial
B23: Investigar consideraciones generales para la definición de la pendiente de diseño.
B24: Registrar los valores obtenidos en el libro de parámetros generales requeridos para el diseño y la modelación.
B25: Informe técnico mostrando las actividades desarrolladas en el orden presentado en esta actividad, junto con los análisis y recomendaciones realizadas, convierta a Adobe Acrobat (.pdf) y guarde en la carpeta /report del repositorio de datos del proyecto.
B27: Calificación | C27: =AVERAGE(C4:C26) -> 0 | F27: =AVERAGE(F4:F26) -> 0 | I27: =AVERAGE(I4:I26) -> 0 | L27: =AVERAGE(L4:L26) -> 0 | O27: =AVERAGE(O4:O26) -> 0 | R27: =AVERAGE(R4:R26) -> 0 | U27: =AVERAGE(U4:U26) -> 0 | X27: =AVERAGE(X4:X26) -> 0 | AA27: =AVERAGE(AA4:AA26) -> 0 | AD27: =AVERAGE(AD4:AD26) -> 0 | AG27: =AVERAGE(AG4:AG26) -> 0 | AJ27: =AVERAGE(AJ4:AJ26) -> 0 | AM27: =AVERAGE(AM4:AM26) -> 0 | AP27: =AVERAGE(AP4:AP26) -> 0
