Workbook

Sheet Calificacion
F1: M01A06
B2: Calificación: 1.6. Evaluación de secciones transversales de referencia y cotas de fondo de inicio y entrega
B4: Código | C4: Calificar sobre | D4: Calificación Instructor | E4: Auto-calificación estudiante | F4: Calificación final
B5: Grupo 1 | C5: 5 | D5: =Detalle!C36*C5/5 -> 0 | F5: =AVERAGE(D5:E5) -> 0
B6: Grupo 2 | C6: 5 | D6: =Detalle!F36*C6/5 -> 0 | F6: =AVERAGE(D6:E6) -> 0
B7: Grupo 3 | C7: 5 | D7: =Detalle!I36*C7/5 -> 0 | F7: =AVERAGE(D7:E7) -> 0
B8: Grupo 4 | C8: 5 | D8: =Detalle!L36*C8/5 -> 0 | F8: =AVERAGE(D8:E8) -> 0
B9: Grupo 5 | C9: 5 | D9: =Detalle!O36*C9/5 -> 0 | F9: =AVERAGE(D9:E9) -> 0
B10: Grupo 6 | C10: 5 | D10: =Detalle!O37*C10/5 -> 0 | F10: =AVERAGE(D10:E10) -> 0
B11: Grupo 7 | C11: 5 | D11: =Detalle!O38*C11/5 -> 0 | F11: =AVERAGE(D11:E11) -> 0
B12: Grupo 8 | C12: 5 | D12: =Detalle!O39*C12/5 -> 0 | F12: =AVERAGE(D12:E12) -> 0
B13: Grupo 9 | C13: 5 | D13: =Detalle!O40*C13/5 -> 0 | F13: =AVERAGE(D13:E13) -> 0
B14: Grupo 10 | C14: 5 | D14: =Detalle!O41*C14/5 -> 0 | F14: =AVERAGE(D14:E14) -> 0
B15: Grupo 11 | C15: 5 | D15: =Detalle!O42*C15/5 -> 0 | F15: =AVERAGE(D15:E15) -> 0
B16: Grupo 12 | C16: 5 | D16: =Detalle!AJ36*C16/5 -> 0 | F16: =AVERAGE(D16:E16) -> 0
B17: Grupo 13 | C17: 5 | D17: =Detalle!AM36*C17/5 -> 0 | F17: =AVERAGE(D17:E17) -> 0
B18: Grupo 14 | C18: 5 | D18: =Detalle!AP36*C18/5 -> 0 | F18: =AVERAGE(D18:E18) -> 0
B19: =HYPERLINK(_xlfn.CONCAT("https://github.com/rcfdtools/R.HCMC/blob/main/activity/",F1,"/Readme.md"),_xlfn.CONCAT("Ir a actividad ",F1," en GitHub.")) -> Ir a actividad M01A06 en GitHub.

Sheet Detalle
B1: =Calificacion!B2 -> Calificación: 1.6. Evaluación de secciones transversales de referencia y cotas de fondo de inicio y entrega
B2: Requerimiento | C2: =Calificacion!$B5 -> Grupo 1 | F2: =Calificacion!$B6 -> Grupo 2 | I2: =Calificacion!$B7 -> Grupo 3 | L2: =Calificacion!$B8 -> Grupo 4 | O2: =Calificacion!$B9 -> Grupo 5 | R2: =Calificacion!$B10 -> Grupo 6 | U2: =Calificacion!$B11 -> Grupo 7 | X2: =Calificacion!$B12 -> Grupo 8 | AA2: =Calificacion!$B13 -> Grupo 9 | AD2: =Calificacion!$B14 -> Grupo 10 | AG2: =Calificacion!$B15 -> Grupo 11 | AJ2: =Calificacion!$B16 -> Grupo 12 | AM2: =Calificacion!$B17 -> Grupo 13 | AP2: =Calificacion!$B18 -> Grupo 14
C3: Calificación | D3: Valor | E3: Observaciones | F3: Calificación | G3: Valor | H3: Observaciones | I3: Calificación | J3: Valor | K3: Observaciones | L3: Calificación | M3: Valor | N3: Observaciones | O3: Calificación | P3: Valor | Q3: Observaciones | R3: Calificación | S3: Valor | T3: Observaciones | U3: Calificación | V3: Valor | W3: Observaciones | X3: Calificación | Y3: Valor | Z3: Observaciones | AA3: Calificación | AB3: Valor | AC3: Observaciones | AD3: Calificación | AE3: Valor | AF3: Observaciones | AG3: Calificación | AH3: Valor | AI3: Observaciones | AJ3: Calificación | AK3: Valor | AL3: Observaciones | AM3: Calificación | AN3: Valor | AO3: Observaciones | AP3: Calificación | AQ3: Valor | AR3: Observaciones
B4: Sección inicio
B5: Sección localizada próxima al punto de inicio | C5: 0 | F5: 0 | I5: 0 | L5: 0 | O5: 0 | R5: 0 | U5: 0 | X5: 0 | AA5: 0 | AD5: 0 | AG5: 0 | AJ5: 0 | AM5: 0 | AP5: 0
B6: Abscisa, m
B7: Ancho superficial valle, m (explique las diferencias entre ambas secciones.)
B8: Cota fondo modelación, m (considerar dragado o agradación analizando el perfil de los drenajes naturales e incluir la justificación y método de análisis en la ficha de control documental - FCD del libro de Excel)
B9: Cota corona, m
B10: Altura canal, m | D10: =D9-D8 -> 0 | G10: =G9-G8 -> 0 | J10: =J9-J8 -> 0 | M10: =M9-M8 -> 0 | P10: =P9-P8 -> 0 | S10: =S9-S8 -> 0 | V10: =V9-V8 -> 0 | Y10: =Y9-Y8 -> 0 | AB10: =AB9-AB8 -> 0 | AE10: =AE9-AE8 -> 0 | AH10: =AH9-AH8 -> 0 | AK10: =AK9-AK8 -> 0 | AN10: =AN9-AN8 -> 0 | AQ10: =AQ9-AQ8 -> 0
B11: Cota fondo topografía, m
B12: Perímetro mojado, m (explique las diferencias entre ambas secciones.)
B13: Área hidráulica, m² (explique las diferencias entre ambas secciones.)
B14: Rectificación fondo, m | D14: =D11-D8 -> 0 | G14: =G11-G8 -> 0 | J14: =J11-J8 -> 0 | M14: =M11-M8 -> 0 | P14: =P11-P8 -> 0 | S14: =S11-S8 -> 0 | V14: =V11-V8 -> 0 | Y14: =Y11-Y8 -> 0 | AB14: =AB11-AB8 -> 0 | AE14: =AE11-AE8 -> 0 | AH14: =AH11-AH8 -> 0 | AK14: =AK11-AK8 -> 0 | AN14: =AN11-AN8 -> 0 | AQ14: =AQ11-AQ8 -> 0
B15: Rectificación fondo, justificación técnica
B16: Sección entrega
B17: Sección localizada próxima al punto de entrega
B18: Abscisa, m
B19: Ancho superficial valle, m (explique las diferencias entre ambas secciones.)
B20: Cota fondo modelación, m (considerar dragado o agradación analizando el perfil de los drenajes naturales e incluir la justificación y método de análisis en la ficha de control documental - FCD del libro de Excel)
B21: Cota corona, m
B22: Altura canal, m | D22: =D21-D20 -> 0 | G22: =G21-G20 -> 0 | J22: =J21-J20 -> 0 | M22: =M21-M20 -> 0 | P22: =P21-P20 -> 0 | S22: =S21-S20 -> 0 | V22: =V21-V20 -> 0 | Y22: =Y21-Y20 -> 0 | AB22: =AB21-AB20 -> 0 | AE22: =AE21-AE20 -> 0 | AH22: =AH21-AH20 -> 0 | AK22: =AK21-AK20 -> 0 | AN22: =AN21-AN20 -> 0 | AQ22: =AQ21-AQ20 -> 0
B23: Cota fondo topografía, m
B24: Perímetro mojado, m (explique las diferencias entre ambas secciones.)
B25: Área hidráulica, m² (explique las diferencias entre ambas secciones.)
B26: Rectificación fondo, m | D26: =D23-D20 -> 0 | G26: =G23-G20 -> 0 | J26: =J23-J20 -> 0 | M26: =M23-M20 -> 0 | P26: =P23-P20 -> 0 | S26: =S23-S20 -> 0 | V26: =V23-V20 -> 0 | Y26: =Y23-Y20 -> 0 | AB26: =AB23-AB20 -> 0 | AE26: =AE23-AE20 -> 0 | AH26: =AH23-AH20 -> 0 | AK26: =AK23-AK20 -> 0 | AN26: =AN23-AN20 -> 0 | AQ26: =AQ23-AQ20 -> 0
B27: Rectificación fondo, justificación técnica
B28: Varios
B29: Δx, largo canal natural a reemplazar, m (Nota: la diferencia entre abscisas de inicio y entrega debe ser aproximadamente igual a la longitud del río natural a reemplazar, correspondiente a 10304.06 m para el proyecto final.) | D29: =D6-D18 -> 0 | G29: =G6-G18 -> 0 | J29: =J6-J18 -> 0 | M29: =M6-M18 -> 0 | P29: =P6-P18 -> 0 | S29: =S6-S18 -> 0 | V29: =V6-V18 -> 0 | Y29: =Y6-Y18 -> 0 | AB29: =AB6-AB18 -> 0 | AE29: =AE6-AE18 -> 0 | AH29: =AH6-AH18 -> 0 | AK29: =AK6-AK18 -> 0 | AN29: =AN6-AN18 -> 0 | AQ29: =AQ6-AQ18 -> 0
B30: Δy, m | D30: =D8-D20 -> 0 | G30: =G8-G20 -> 0 | J30: =J8-J20 -> 0 | M30: =M8-M20 -> 0 | P30: =P8-P20 -> 0 | S30: =S8-S20 -> 0 | V30: =V8-V20 -> 0 | Y30: =Y8-Y20 -> 0 | AB30: =AB8-AB20 -> 0 | AE30: =AE8-AE20 -> 0 | AH30: =AH8-AH20 -> 0 | AK30: =AK8-AK20 -> 0 | AN30: =AN8-AN20 -> 0 | AQ30: =AQ8-AQ20 -> 0
B31: Pendiente de referencia, m/m | D31: =D30/D29 -> #DIV/0! | G31: =G30/G29 -> #DIV/0! | J31: =J30/J29 -> #DIV/0! | M31: =M30/M29 -> #DIV/0! | P31: =P30/P29 -> #DIV/0! | S31: =S30/S29 -> #DIV/0! | V31: =V30/V29 -> #DIV/0! | Y31: =Y30/Y29 -> #DIV/0! | AB31: =AB30/AB29 -> #DIV/0! | AE31: =AE30/AE29 -> #DIV/0! | AH31: =AH30/AH29 -> #DIV/0! | AK31: =AK30/AK29 -> #DIV/0! | AN31: =AN30/AN29 -> #DIV/0! | AQ31: =AQ30/AQ29 -> #DIV/0!
B32: Registrar los valores obtenidos en el libro de parámetros generales requeridos para el diseño y la modelación. Guardar en la carpeta /file/table.
B33: Opcional: verificar la formulación correcta de los libros de cálculo suministrados. En las notas de la ficha de control documental indicar el método de verificación y si se requieren o no ajustes.
B34: Informe técnico mostrando las actividades desarrolladas en el orden presentado en esta actividad, junto con los análisis y recomendaciones realizadas, convierta a Adobe Acrobat (.pdf) y guarde en la carpeta /report del repositorio de datos del proyecto.
B36: Calificación | C36: =AVERAGE(C4:C35) -> 0 | F36: =AVERAGE(F4:F35) -> 0 | I36: =AVERAGE(I4:I35) -> 0 | L36: =AVERAGE(L4:L35) -> 0 | O36: =AVERAGE(O4:O35) -> 0 | R36: =AVERAGE(R4:R35) -> 0 | U36: =AVERAGE(U4:U35) -> 0 | X36: =AVERAGE(X4:X35) -> 0 | AA36: =AVERAGE(AA4:AA35) -> 0 | AD36: =AVERAGE(AD4:AD35) -> 0 | AG36: =AVERAGE(AG4:AG35) -> 0 | AJ36: =AVERAGE(AJ4:AJ35) -> 0 | AM36: =AVERAGE(AM4:AM35) -> 0 | AP36: =AVERAGE(AP4:AP35) -> 0
