Workbook

Sheet Calificacion
P1: M01A01
B2: 1.1. Parámetros generales requeridos para el diseño y la modelación
B3: Calificar sobre | C3: 5 | D3: 5 | E3: 5 | F3: 5 | G3: 5 | H3: 5 | I3: 5 | J3: 5 | K3: 5 | L3: 5 | M3: 5 | N3: 5 | O3: 5 | P3: 5
B4: Grupo de parámetros | C4: Grupo 1 | D4: Grupo 2 | E4: Grupo 3 | F4: Grupo 4 | G4: Grupo 5 | H4: Grupo 6 | I4: Grupo 7 | J4: Grupo 8 | K4: Grupo 9 | L4: Grupo 10 | M4: Grupo 11 | N4: Grupo 12 | O4: Grupo 13 | P4: Grupo 14
B5: Técnicos requeridos | C5: =TecnicoRequerido!H20*$C$3/5 -> 0 | D5: =TecnicoRequerido!K20*$D$3/5 -> 0 | E5: =TecnicoRequerido!N20*$E$3/5 -> 0 | F5: =TecnicoRequerido!Q20*$F$3/5 -> 0 | G5: =TecnicoRequerido!T20*$G$3/5 -> 0 | H5: =TecnicoRequerido!W20*$H$3/5 -> 0 | I5: =TecnicoRequerido!Z20*$I$3/5 -> 0 | J5: =TecnicoRequerido!AC20*$J$3/5 -> 0 | K5: =TecnicoRequerido!AF20*$K$3/5 -> 0 | L5: =TecnicoRequerido!AI20*$L$3/5 -> 0 | M5: =TecnicoRequerido!AL20*$M$3/5 -> 0 | N5: =TecnicoRequerido!AO20*$N$3/5 -> 0 | O5: =TecnicoRequerido!AR20*$O$3/5 -> 0 | P5: =TecnicoRequerido!AU20*$O$3/5 -> 0
B6: Normativos | C6: =Normativo!D9*$C$3/5 -> 0 | D6: =Normativo!F9*$D$3/5 -> 0 | E6: =Normativo!H9*$E$3/5 -> 0 | F6: =Normativo!J9*$F$3/5 -> 0 | G6: =Normativo!L9*$G$3/5 -> 0 | H6: =Normativo!N9*$H$3/5 -> 0 | I6: =Normativo!P9*$I$3/5 -> 0 | J6: =Normativo!R9*$J$3/5 -> 0 | K6: =Normativo!T9*$K$3/5 -> 0 | L6: =Normativo!V9*$L$3/5 -> 0 | M6: =Normativo!X9*$M$3/5 -> 0 | N6: =Normativo!Z9*$N$3/5 -> 0 | O6: =Normativo!AB9*$O$3/5 -> 0 | P6: =Normativo!AD9*$P$3/5 -> 0
B7: Geotécnico, ambiental y social | C7: =GeotecnicoAmbientalSocial!D12*$C$3/5 -> 0 | D7: =GeotecnicoAmbientalSocial!F12*$D$3/5 -> 0 | E7: =GeotecnicoAmbientalSocial!H12*$E$3/5 -> 0 | F7: =GeotecnicoAmbientalSocial!J12*$F$3/5 -> 0 | G7: =GeotecnicoAmbientalSocial!L12*$G$3/5 -> 0 | H7: =GeotecnicoAmbientalSocial!N12*$H$3/5 -> 0 | I7: =GeotecnicoAmbientalSocial!P12*$I$3/5 -> 0 | J7: =GeotecnicoAmbientalSocial!R12*$J$3/5 -> 0 | K7: =GeotecnicoAmbientalSocial!T12*$K$3/5 -> 0 | L7: =GeotecnicoAmbientalSocial!V12*$L$3/5 -> 0 | M7: =GeotecnicoAmbientalSocial!X12*$M$3/5 -> 0 | N7: =GeotecnicoAmbientalSocial!Z12*$N$3/5 -> 0 | O7: =GeotecnicoAmbientalSocial!AB12*$O$3/5 -> 0 | P7: =GeotecnicoAmbientalSocial!AD12*$P$3/5 -> 0
B8: Territorial | C8: =Territorial!D12*$C$3/5 -> 0 | D8: =Territorial!F12*$D$3/5 -> 0 | E8: =Territorial!H12*$E$3/5 -> 0 | F8: =Territorial!J12*$F$3/5 -> 0 | G8: =Territorial!L12*$G$3/5 -> 0 | H8: =Territorial!N12*$H$3/5 -> 0 | I8: =Territorial!P12*$I$3/5 -> 0 | J8: =Territorial!R12*$J$3/5 -> 0 | K8: =Territorial!T12*$K$3/5 -> 0 | L8: =Territorial!V12*$L$3/5 -> 0 | M8: =Territorial!X12*$M$3/5 -> 0 | N8: =Territorial!Z12*$N$3/5 -> 0 | O8: =Territorial!AB12*$O$3/5 -> 0 | P8: =Territorial!AD12*$P$3/5 -> 0
B9: Calificación instructor | C9: =AVERAGE(C5:C8) -> 0 | D9: =AVERAGE(D5:D8) -> 0 | E9: =AVERAGE(E5:E8) -> 0 | F9: =AVERAGE(F5:F8) -> 0 | G9: =AVERAGE(G5:G8) -> 0 | H9: =AVERAGE(H5:H8) -> 0 | I9: =AVERAGE(I5:I8) -> 0 | J9: =AVERAGE(J5:J8) -> 0 | ... P9: =AVERAGE(P5:P8) -> 0
B10: Autocalificación alumno
B11: Calificación final avance | C11: =AVERAGE(C9:C10) -> 0 | D11: =AVERAGE(D9:D10) -> 0 | E11: =AVERAGE(E9:E10) -> 0 | F11: =AVERAGE(F9:F10) -> 0 | G11: =AVERAGE(G9:G10) -> 0 | H11: =AVERAGE(H9:H10) -> 0 | I11: =AVERAGE(I9:I10) -> 0 | J11: =AVERAGE(J9:J10) -> 0 | ... P11: =AVERAGE(P9:P10) -> 0
B12: https://github.com/rcfdtools/R.HCMC/blob/main/activity/M01A01/Readme.md

Sheet TecnicoRequerido
B2: Parámetros técnicos requeridos* | H2: =Calificacion!C$4 -> Grupo 1 | K2: =Calificacion!D$4 -> Grupo 2 | N2: =Calificacion!E$4 -> Grupo 3 | Q2: =Calificacion!F$4 -> Grupo 4 | T2: =Calificacion!G$4 -> Grupo 5 | W2: =Calificacion!H$4 -> Grupo 6 | Z2: =Calificacion!I$4 -> Grupo 7 | AC2: =Calificacion!J$4 -> Grupo 8 | AF2: =Calificacion!K$4 -> Grupo 9 | AI2: =Calificacion!L$4 -> Grupo 10 | AL2: =Calificacion!M$4 -> Grupo 11 | AO2: =Calificacion!N$4 -> Grupo 12 | AR2: =Calificacion!O$4 -> Grupo 13 | AU2: =Calificacion!P$4 -> Grupo 14
B3: Tipo | C3: Parámetro | D3: Valor ref. | E3: Unidad | F3: Variable | G3: Eval | H3: Calif. | I3: Valor | J3: Observaciones | K3: Calif. | L3: Valor | M3: Observaciones | N3: Calif. | O3: Valor | P3: Observaciones | Q3: Calif. | R3: Valor | S3: Observaciones | T3: Calif. | U3: Valor | V3: Observaciones | W3: Calif. | X3: Valor | Y3: Observaciones | Z3: Calif. | AA3: Valor | AB3: Observaciones | AC3: Calif. | AD3: Valor | AE3: Observaciones | AF3: Calif. | AG3: Valor | AH3: Observaciones | AI3: Calif. | AJ3: Valor | AK3: Observaciones | AL3: Calif. | AM3: Valor | AN3: Observaciones | AO3: Calif. | AP3: Valor | AQ3: Observaciones | AR3: Calif. | AS3: Valor | AT3: Observaciones | AU3: Calif. | AV3: Valor | AW3: Observaciones
B4: Hidrológico | C4: Periodo retorno - Canal dominante | D4: 2.33 | E4: años | F4: Tr | G4: 1 | H4: 0 | K4: 0 | N4: 0 | Q4: 0 | T4: 0 | W4: 0 | Z4: 0 | AC4: 0 | AF4: 0 | AI4: 0 | AL4: 0 | AO4: 0 | AR4: 0 | AU4: 0
C5: Periodo retorno - Valle o creciente | D5: 100 | E5: años | F5: Tr | G5: 1
C6: Periodo retorno - Estructuras hidráulicas | D6: 25 | E6: años | F6: Tr | G6: 1
C7: Periodo retorno - Cauces laterales | D7: 25 | E7: años | F7: Tr | G7: 1
C8: Periodo retorno - Áreas de almacenamiento o amortiguación | D8: 200 | E8: años | F8: Tr | G8: 1
B9: Hidráulicos. Restricciones de diseño | C9: Velocidad máxima canal dominante | D9: 2 | E9: m/s | F9: Vmax | G9: 1
C10: Velocidad máxima canal creciente | D10: 3 | E10: m/s | F10: Vmax | G10: 1
C11: Velocidad mínima canal dominante | D11: 0.5 | E11: m/s | F11: Vmin | G11: 1
C12: Velocidad mínima canal creciente | D12: 0.5 | E12: m/s | F12: Vmin | G12: 1
C13: Cortante máximo canal dominante | D13: 10 | E13: N/m² | F13: τ max | G13: 1
C14: Cortante máximo canal creciente | D14: 20 | E14: N/m² | F14: τ max | G14: 1
C15: Remanso máximo en pasos de vía | D15: 1000 | E15: m | G15: 1
C16: Galibo vertical Mínimo en pasos de vía | D16: 2 | E16: m | G16: 1
C17: Galibo horizontal Mínimo en pasos de vía | D17: 2 | E17: m | G17: 1
C18: Base valle horizontal o inclinada | D18: Horizontal
B20: Calificación | H20: =AVERAGE(H4:H19) -> 0 | K20: =AVERAGE(K4:K19) -> 0 | N20: =AVERAGE(N4:N19) -> 0 | Q20: =AVERAGE(Q4:Q19) -> 0 | T20: =AVERAGE(T4:T19) -> 0 | W20: =AVERAGE(W4:W19) -> 0 | Z20: =AVERAGE(Z4:Z19) -> 0 | AC20: =AVERAGE(AC4:AC19) -> 0 | AF20: =AVERAGE(AF4:AF19) -> 0 | AI20: =AVERAGE(AI4:AI19) -> 0 | AL20: =AVERAGE(AL4:AL19) -> 0 | AO20: =AVERAGE(AO4:AO19) -> 0 | AR20: =AVERAGE(AR4:AR19) -> 0 | AU20: =AVERAGE(AU4:AU19) -> 0
B21: *Investigar y justificar técnicamente el valor adoptado.

Sheet Normativo
B2: Parámetros normativos* | D2: =Calificacion!C$4 -> Grupo 1 | F2: =Calificacion!D$4 -> Grupo 2 | H2: =Calificacion!E$4 -> Grupo 3 | J2: =Calificacion!F$4 -> Grupo 4 | L2: =Calificacion!G$4 -> Grupo 5 | N2: =Calificacion!H$4 -> Grupo 6 | P2: =Calificacion!I$4 -> Grupo 7 | R2: =Calificacion!J$4 -> Grupo 8 | T2: =Calificacion!K$4 -> Grupo 9 | V2: =Calificacion!L$4 -> Grupo 10 | X2: =Calificacion!M$4 -> Grupo 11 | Z2: =Calificacion!N$4 -> Grupo 12 | AB2: =Calificacion!O$4 -> Grupo 13 | AD2: =Calificacion!P$4 -> Grupo 14
B3: Tipo | C3: Eval | D3: Calif. | E3: Observaciones | F3: Calif. | G3: Observaciones | H3: Calif. | I3: Observaciones | J3: Calif. | K3: Observaciones | L3: Calif. | M3: Observaciones | N3: Calif. | O3: Observaciones | P3: Calif. | Q3: Observaciones | R3: Calif. | S3: Observaciones | T3: Calif. | U3: Observaciones | V3: Calif. | W3: Observaciones | X3: Calif. | Y3: Observaciones | Z3: Calif. | AA3: Observaciones | AB3: Calif. | AC3: Observaciones | AD3: Calif. | AE3: Observaciones
B4: RAS | C4: 1 | D4: 0 | F4: 0 | H4: 0 | J4: 0 | L4: 0 | N4: 0 | P4: 0 | R4: 0 | T4: 0 | V4: 0 | X4: 0 | Z4: 0 | AB4: 0 | AD4: 0
B5: Autoridad ambiental, MADS - ANLA | C5: 1
B6: Corporación Autónoma Regional, CAR. | C6: 1
B7: Municipales y/o distritales | C7: 1
B9: Calificación | D9: =AVERAGE(D4:D8) -> 0 | F9: =AVERAGE(F4:F8) -> 0 | H9: =AVERAGE(H4:H8) -> 0 | J9: =AVERAGE(J4:J8) -> 0 | L9: =AVERAGE(L4:L8) -> 0 | N9: =AVERAGE(N4:N8) -> 0 | P9: =AVERAGE(P4:P8) -> 0 | R9: =AVERAGE(R4:R8) -> 0 | T9: =AVERAGE(T4:T8) -> 0 | V9: =AVERAGE(V4:V8) -> 0 | X9: =AVERAGE(X4:X8) -> 0 | Z9: =AVERAGE(Z4:Z8) -> 0 | AB9: =AVERAGE(AB4:AB8) -> 0 | AD9: =AVERAGE(AD4:AD8) -> 0
B10: *Verificar los parámetros suministrados en el libro de esta actividad e indicar en la ficha de control documental FCD los enlaces consultados y si realizó o no la verificación de estos parámetros.

Sheet GeotecnicoAmbientalSocial
B2: Parámetros geotécnicos, ambientales y sociales* | D2: =Calificacion!C$4 -> Grupo 1 | F2: =Calificacion!D$4 -> Grupo 2 | H2: =Calificacion!E$4 -> Grupo 3 | J2: =Calificacion!F$4 -> Grupo 4 | L2: =Calificacion!G$4 -> Grupo 5 | N2: =Calificacion!H$4 -> Grupo 6 | P2: =Calificacion!I$4 -> Grupo 7 | R2: =Calificacion!J$4 -> Grupo 8 | T2: =Calificacion!K$4 -> Grupo 9 | V2: =Calificacion!L$4 -> Grupo 10 | X2: =Calificacion!M$4 -> Grupo 11 | Z2: =Calificacion!N$4 -> Grupo 12 | AB2: =Calificacion!O$4 -> Grupo 13 | AD2: =Calificacion!P$4
B3: Tipo | C3: Eval | D3: Calif. | E3: Observaciones | F3: Calif. | G3: Observaciones | H3: Calif. | I3: Observaciones | J3: Calif. | K3: Observaciones | L3: Calif. | M3: Observaciones | N3: Calif. | O3: Observaciones | P3: Calif. | Q3: Observaciones | R3: Calif. | S3: Observaciones | T3: Calif. | U3: Observaciones | V3: Calif. | W3: Observaciones | X3: Calif. | Y3: Observaciones | Z3: Calif. | AA3: Observaciones | AB3: Calif. | AC3: Observaciones | AD3: Calif. | AE3: Observaciones
B4: Geotécnicos | C4: 1 | D4: 0 | F4: 0 | H4: 0 | J4: 0 | L4: 0 | N4: 0 | P4: 0 | R4: 0 | T4: 0 | V4: 0 | X4: 0 | Z4: 0 | AB4: 0 | AD4: 0
B5: Estructuras ecológicas | C5: 1
B6: Concesiones y vertimientos | C6: 1
B7: PDA, Plan departamental de agua | C7: 1
B8: POMCA, Planes de Ordenación y Manejo de Cuencas | C8: 1
B9: Distritos de riego y reservorios. | C9: 1
B10: Preservación de ecosistemas | C10: 1
B12: Calificación | D12: =AVERAGE(D4:D11) -> 0 | F12: =AVERAGE(F4:F11) -> 0 | H12: =AVERAGE(H4:H11) -> 0 | J12: =AVERAGE(J4:J11) -> 0 | L12: =AVERAGE(L4:L11) -> 0 | N12: =AVERAGE(N4:N11) -> 0 | P12: =AVERAGE(P4:P11) -> 0 | R12: =AVERAGE(R4:R11) -> 0 | T12: =AVERAGE(T4:T11) -> 0 | V12: =AVERAGE(V4:V11) -> 0 | X12: =AVERAGE(X4:X11) -> 0 | Z12: =AVERAGE(Z4:Z11) -> 0 | AB12: =AVERAGE(AB4:AB11) -> 0 | AD12: =AVERAGE(AD4:AD11) -> 0
B13: *Verificar los parámetros suministrados en el libro de esta actividad e indicar en la ficha de control documental FCD los enlaces consultados y si realizó o no la verificación de estos parámetros.

Sheet Territorial
B2: Parámetros territoriales* | D2: =Calificacion!C$4 -> Grupo 1 | F2: =Calificacion!D$4 -> Grupo 2 | H2: =Calificacion!E$4 -> Grupo 3 | J2: =Calificacion!F$4 -> Grupo 4 | L2: =Calificacion!G$4 -> Grupo 5 | N2: =Calificacion!H$4 -> Grupo 6 | P2: =Calificacion!I$4 -> Grupo 7 | R2: =Calificacion!J$4 -> Grupo 8 | T2: =Calificacion!K$4 -> Grupo 9 | V2: =Calificacion!L$4 -> Grupo 10 | X2: =Calificacion!M$4 -> Grupo 11 | Z2: =Calificacion!N$4 -> Grupo 12 | AB2: =Calificacion!O$4 -> Grupo 13 | AD2: =Calificacion!P$4 -> Grupo 14
B3: Tipo | C3: Eval | D3: Calif. | E3: Observaciones | F3: Calif. | G3: Observaciones | H3: Calif. | I3: Observaciones | J3: Calif. | K3: Observaciones | L3: Calif. | M3: Observaciones | N3: Calif. | O3: Observaciones | P3: Calif. | Q3: Observaciones | R3: Calif. | S3: Observaciones | T3: Calif. | U3: Observaciones | V3: Calif. | W3: Observaciones | X3: Calif. | Y3: Observaciones | Z3: Calif. | AA3: Observaciones | AB3: Calif. | AC3: Observaciones | AD3: Calif. | AE3: Observaciones
B4: Infraestructura y territorio | C4: 1 | D4: 0 | F4: 0 | H4: 0 | J4: 0 | L4: 0 | N4: 0 | P4: 0 | R4: 0 | T4: 0 | V4: 0 | X4: 0 | Z4: 0 | AB4: 0 | AD4: 0
B5: Alteración en límite de cuencas hidrográficas | C5: 1
B6: Alteración de Límites territoriales | C6: 1
B7: Restricciones prediales, baldíos y centros poblados | C7: 1
B8: Sistema de gestión del riesgo | C8: 1
B9: Zonas protegidas en POT y rondas hídricas | C9: 1
B10: Zonas productivas agropecuarias | C10: 1
B12: Calificación | D12: =AVERAGE(D4:D11) -> 0 | F12: =AVERAGE(F4:F11) -> 0 | H12: =AVERAGE(H4:H11) -> 0 | J12: =AVERAGE(J4:J11) -> 0 | L12: =AVERAGE(L4:L11) -> 0 | N12: =AVERAGE(N4:N11) -> 0 | P12: =AVERAGE(P4:P11) -> 0 | R12: =AVERAGE(R4:R11) -> 0 | T12: =AVERAGE(T4:T11) -> 0 | V12: =AVERAGE(V4:V11) -> 0 | X12: =AVERAGE(X4:X11) -> 0 | Z12: =AVERAGE(Z4:Z11) -> 0 | AB12: =AVERAGE(AB4:AB11) -> 0 | AD12: =AVERAGE(AD4:AD11) -> 0
B13: *Verificar los parámetros suministrados en el libro de esta actividad e indicar en la ficha de control documental FCD los enlaces consultados y si realizó o no la verificación de estos parámetros.
