Workbook

Sheet Calificacion
F1: M03A03
B2: Calificación: 3.3. Definición de parámetros hidráulicos y condiciones de frontera
B4: Código | C4: Calificar sobre | D4: Calificación Instructor | E4: Autocalificación Alumno | F4: Calificación final
B5: Grupo 1 | C5: 5 | D5: =Detalle!C10*C5/5 -> 3.6 | F5: =AVERAGE(D5:E5) -> 3.6
B6: Grupo 2 | C6: 5 | D6: =Detalle!F10*C6/5 -> 5 | F6: =AVERAGE(D6:E6) -> 5
B7: Grupo 3 | C7: 5 | D7: =Detalle!I10*C7/5 -> 4.7 | F7: =AVERAGE(D7:E7) -> 4.7
B8: Grupo 4 | C8: 5 | D8: =Detalle!L10*C8/5 -> 5 | F8: =AVERAGE(D8:E8) -> 5
B9: Grupo 5 | C9: 5 | D9: =Detalle!O10*C9/5 -> 4.2 | F9: =AVERAGE(D9:E9) -> 4.2
B10: Grupo 6 | C10: 5 | D10: =Detalle!R10*C10/5 -> 0 | F10: =AVERAGE(D10:E10) -> 0
B11: Grupo 7 | C11: 5 | D11: =Detalle!U10*C11/5 -> 0 | F11: =AVERAGE(D11:E11) -> 0
B12: Grupo 8 | C12: 5 | D12: =Detalle!X10*C12/5 -> 0 | F12: =AVERAGE(D12:E12) -> 0
B13: Grupo 9 | C13: 5 | D13: =Detalle!AA10*C13/5 -> 0 | F13: =AVERAGE(D13:E13) -> 0
B14: Grupo 10 | C14: 5 | D14: =Detalle!AD10*C14/5 -> 0 | F14: =AVERAGE(D14:E14) -> 0
B15: Grupo 11 | C15: 5 | D15: =Detalle!AG10*C15/5 -> 0 | F15: =AVERAGE(D15:E15) -> 0
B16: Grupo 12 | C16: 5 | D16: =Detalle!AJ10*C16/5 -> 0 | F16: =AVERAGE(D16:E16) -> 0
B17: Grupo 13 | C17: 5 | D17: =Detalle!AM10*C17/5 -> 0 | F17: =AVERAGE(D17:E17) -> 0
B18: Grupo 14 | C18: 5 | D18: =Detalle!AP10*C18/5 -> 0 | F18: =AVERAGE(D18:E18) -> 0
B19: =HYPERLINK(_xlfn.CONCAT("https://github.com/rcfdtools/R.HCMC/blob/main/activity/",F1,"/Readme.md"),_xlfn.CONCAT("Ir a actividad ",F1," en GitHub.")) -> Ir a actividad M03A03 en GitHub.

Sheet Detalle
B1: =Calificacion!$B$2 -> Calificación: 3.3. Definición de parámetros hidráulicos y condiciones de frontera
B2: Requerimiento | C2: =Calificacion!$B5 -> Grupo 1 | F2: =Calificacion!$B6 -> Grupo 2 | I2: =Calificacion!$B7 -> Grupo 3 | L2: =Calificacion!$B8 -> Grupo 4 | O2: =Calificacion!$B9 -> Grupo 5 | R2: =Calificacion!$B10 -> Grupo 6 | U2: =Calificacion!$B11 -> Grupo 7 | X2: =Calificacion!$B12 -> Grupo 8 | AA2: =Calificacion!$B13 -> Grupo 9 | AD2: =Calificacion!$B14 -> Grupo 10 | AG2: =Calificacion!$B15 -> Grupo 11 | AJ2: =Calificacion!$B16 -> Grupo 12 | AM2: =Calificacion!$B17 -> Grupo 13 | AP2: =Calificacion!$B18 -> Grupo 14
C3: Calificación | D3: Valor | E3: Observaciones | F3: Calificación | G3: Valor | H3: Observaciones | I3: Calificación | J3: Valor | K3: Observaciones | L3: Calificación | M3: Valor | N3: Observaciones | O3: Calificación | P3: Valor | Q3: Observaciones | R3: Calificación | S3: Valor | T3: Observaciones | U3: Calificación | V3: Valor | W3: Observaciones | X3: Calificación | Y3: Valor | Z3: Observaciones | AA3: Calificación | AB3: Valor | AC3: Observaciones | AD3: Calificación | AE3: Valor | AF3: Observaciones | AG3: Calificación | AH3: Valor | AI3: Observaciones | AJ3: Calificación | AK3: Valor | AL3: Observaciones | AM3: Calificación | AN3: Valor | AO3: Observaciones | AP3: Calificación | AQ3: Valor | AR3: Observaciones
B4: En el modelo HECRAS_v1 presentado en la entrega anterior del proyecto final, asignar las rugosidades en zona central del cauce dominante y valle. Utilizar los valores con los cuales realizó todo el diseño hidráulico de su proyecto en el Tema 1. | C4: 5 | E4: Sin comprimido de modelo para verificación de parámetros ingresados. Verificado con captura de pantalla. | F4: 5 | I4: 5 | L4: 5 | O4: 5 | Q4: En esta entrega se puede observar que ya ajusto el abscisado del cauce principal y que el perfil del fondo no es correcto estando por encima del fondo de los cauces naturales y funcionando el canal como un obstáculo. Es mecesario volver a realizar los cortes en CIVIL3D y volver a generar el modelo hidráulico. | R4: 0 | U4: 0 | X4: 0 | AA4: 0 | AD4: 0 | AG4: 0 | AJ4: 0 | AM4: 0 | AP4: 0
B5: Flujo permanente: defina y justifique los periodos de retorno a utilizar, ingrese los caudales pico obtenidos, el caudal medio, el caudal ecológico estimado y defina las condiciones de frontera aguas abajo y aguas arriba. Considere los periodos utilizados para las estructuras hidráulicas a modelar y el caudal pico por simultaneidad (factor de atenuación por lluvia simultánea) para los nodos de unión y cauces laterales. | C5: 5 | E5: Sin comprimido de modelo para verificación de parámetros ingresados. | F5: 5 | I5: 3.5 | K5: Los valores ingresados en los junctions del cauce principal no son correctos, se debe modelar el canal principal en sus diferentes tramos con los caudales obtenidos en los nodos hidrológicos J4685, J4682 y J4660 para los factores de atenuación evaluados. | L5: 5 | O5: 3 | Q5: Valores incompletos, en cada nodo se deben colocar caudales pico para poder modelar cada tramo y resolver las líneas de energía y perfiles hidráulicos, sin caudal medio, faltan periodos de retorno. | R5: 0 | U5: 0 | X5: 0 | AA5: 0 | AD5: 0 | AG5: 0 | AJ5: 0 | AM5: 0 | AP5: 0
B6: Flujo no permanente: defina y justifique los periodos de retorno a utilizar, ingrese los pulsos de los hidrogramas obtenidos de la modelación hidrológica y defina las condiciones de frontera aguas abajo y aguas arriba. Considere los periodos utilizados para las estructuras hidráulicas a modelar y los pulsos máximos por simultaneidad para los nodos de unión y cauces laterales. Para cada periodo de retorno deberá definir un archivo de datos dentro del mismo modelo hidráulico. | C6: 4 | E6: Sin comprimido de modelo para verificación de parámetros ingresados. En informe solo mostraron los gráficos del cauce principal y no se pueden observar los demás parámetros utilizados, sin hidrogramas de cauces laterales. | F6: 5 | H6: Para los cauces laterales que ingresan al canal diseñado, recomiendo utilizar los hidrogramas correspondientes a los factores de atenuación del nodo de descarga, 0.63 y 0.62 para el periodo de diseño utilizado en las estructuras laterales. Con los valores ingresados en los cauces laterales es posible que obtengan desbordamientos y no se podrá evaluar correctamente la condición de diseño. | I6: 5 | L6: 5 | O6: 3 | Q6: Condición de frontera sin pendiente de la línea de energía. Los pulsos del hidrograma se ingresan cada minuto y no cada hora. Sin datos para 100 años de periodo de retorno. | R6: 0 | U6: 0 | X6: 0 | AA6: 0 | AD6: 0 | AG6: 0 | AJ6: 0 | AM6: 0 | AP6: 0
B7: Luego de ingresados todos los parámetros hidráulicos y condiciones de frontera al modelo, comprimir como HECRAS_v1.zip. | C7: 0 | E7: Sin comprimido de modelo para verificación de parámetros ingresados. | F7: 5 | I7: 5 | L7: 5 | O7: 5 | R7: 0 | U7: 0 | X7: 0 | AA7: 0 | AD7: 0 | AG7: 0 | AJ7: 0 | AM7: 0 | AP7: 0
B8: Crear un único reporte en Adobe Acrobat que muestre capturas de pantalla detalladas del proceso de ingreso de datos, parámetros hidráulicos, condiciones de frontera y gráficas de cada hidrograma ingresado, nombrar como HCMC0023.pdf. Incluir portada, tabla de contenido, numeración de páginas y observaciones detalladas. | C8: 4 | E8: Sin información de hidrogramas en cauces laterales, sin captura de parámetros en flujo no permanente. | F8: 5 | I8: 5 | L8: 5 | O8: 5 | R8: 0 | U8: 0 | X8: 0 | AA8: 0 | AD8: 0 | AG8: 0 | AJ8: 0 | AM8: 0 | AP8: 0
B10: Calificación | C10: =AVERAGE(C4:C9) -> 3.6 | F10: =AVERAGE(F4:F9) -> 5 | I10: =AVERAGE(I4:I9) -> 4.7 | L10: =AVERAGE(L4:L9) -> 5 | O10: =AVERAGE(O4:O9) -> 4.2 | R10: =AVERAGE(R4:R9) -> 0 | U10: =AVERAGE(U4:U9) -> 0 | X10: =AVERAGE(X4:X9) -> 0 | AA10: =AVERAGE(AA4:AA9) -> 0 | AD10: =AVERAGE(AD4:AD9) -> 0 | AG10: =AVERAGE(AG4:AG9) -> 0 | AJ10: =AVERAGE(AJ4:AJ9) -> 0 | AM10: =AVERAGE(AM4:AM9) -> 0 | AP10: =AVERAGE(AP4:AP9) -> 0
