Workbook

Sheet Calificacion
F1: M03A05
B2: Calificación: 3.5. Análisis de resultados (perfil de flujo, línea de energía, esfuerzo cortante, velocidad, borde libre)
B4: Código | C4: Calificar sobre | D4: Calificación Instructor | E4: Autocalificación Alumno | F4: Calificación final
B5: Grupo 1 | C5: 5 | D5: =Detalle!D21*C5/5 -> 0 | F5: =AVERAGE(D5:E5) -> 0
B6: Grupo 2 | C6: 5 | D6: =Detalle!I21*C6/5 -> 0 | F6: =AVERAGE(D6:E6) -> 0
B7: Grupo 3 | C7: 5 | D7: =Detalle!N21*C7/5 -> 0 | F7: =AVERAGE(D7:E7) -> 0
B8: Grupo 4 | C8: 5 | D8: =Detalle!S21*C8/5 -> 0 | F8: =AVERAGE(D8:E8) -> 0
B9: Grupo 5 | C9: 5 | D9: =Detalle!X21*C9/5 -> 0 | F9: =AVERAGE(D9:E9) -> 0
B10: Grupo 6 | C10: 5 | D10: =Detalle!AC21*C10/5 -> 0 | F10: =AVERAGE(D10:E10) -> 0
B11: Grupo 7 | C11: 5 | D11: =Detalle!AH21*C11/5 -> 0 | F11: =AVERAGE(D11:E11) -> 0
B12: Grupo 8 | C12: 5 | D12: =Detalle!AM21*C12/5 -> 0 | F12: =AVERAGE(D12:E12) -> 0
B13: Grupo 9 | C13: 5 | D13: =Detalle!AR21*C13/5 -> 0 | F13: =AVERAGE(D13:E13) -> 0
B14: Grupo 10 | C14: 5 | D14: =Detalle!AW21*C14/5 -> 0 | F14: =AVERAGE(D14:E14) -> 0
B15: Grupo 11 | C15: 5 | D15: =Detalle!BB21*C15/5 -> 0 | F15: =AVERAGE(D15:E15) -> 0
B16: Grupo 12 | C16: 5 | D16: =Detalle!BG21*C16/5 -> 0 | F16: =AVERAGE(D16:E16) -> 0
B17: Grupo 13 | C17: 5 | D17: =Detalle!BL21*C17/5 -> 0 | F17: =AVERAGE(D17:E17) -> 0
B18: Grupo 14 | C18: 5 | D18: =Detalle!BQ21*C18/5 -> 0 | F18: =AVERAGE(D18:E18) -> 0
B19: =HYPERLINK(_xlfn.CONCAT("https://github.com/rcfdtools/R.HCMC/blob/main/activity/",F1,"/Readme.md"),_xlfn.CONCAT("Ir a actividad ",F1," en GitHub.")) -> Ir a actividad M03A05 en GitHub.

Sheet Detalle
B1: =Calificacion!B2 -> Calificación: 3.5. Análisis de resultados (perfil de flujo, línea de energía, esfuerzo cortante, velocidad, borde libre) | F1: 20 | G1: 24 | H1: =(1-(F1/G1)) -> 0.16666667 | K1: 20 | L1: 50 | M1: =(1-(K1/L1)) -> 0.6 | P1: 3 | Q1: 2.5 | R1: =(1-(P1/Q1)) -> -0.2 | U1: 3 | V1: 2.5 | W1: =(1-(U1/V1)) -> -0.2 | AE1: 20 | AF1: 128.95 | AG1: =(1-(AE1/AF1))*100 -> 84.490112 | AL1: =(1-(20/18.5))*100 -> -8.1081081
B2: Tipo | C2: Requerimiento | D2: =Calificacion!$B5 -> Grupo 1 | I2: =Calificacion!$B6 -> Grupo 2 | N2: =Calificacion!$B7 -> Grupo 3 | S2: =Calificacion!$B8 -> Grupo 4 | X2: =Calificacion!$B9 -> Grupo 5 | AC2: =Calificacion!$B10 -> Grupo 6 | AH2: =Calificacion!$B11 -> Grupo 7 | AM2: =Calificacion!$B12 -> Grupo 8 | AR2: =Calificacion!$B13 -> Grupo 9 | AW2: =Calificacion!$B14 -> Grupo 10 | BB2: =Calificacion!$B15 -> Grupo 11 | BG2: =Calificacion!$B16 -> Grupo 12 | BL2: =Calificacion!$B17 -> Grupo 13 | BQ2: =Calificacion!$B18 -> Grupo 14
D3: Calificación | E3: Valor límite | F3: Valor obtenido | G3: Cumple con 15% tolerancia | H3: Observaciones | I3: Calificación | J3: Valor límite | K3: Valor obtenido | L3: Cumple con 15% tolerancia | M3: Observaciones | N3: Calificación | O3: Valor límite | P3: Valor obtenido | Q3: Cumple con 15% tolerancia | R3: Observaciones | S3: Calificación | T3: Valor límite | U3: Valor obtenido | V3: Cumple con 15% tolerancia | W3: Observaciones | X3: Calificación | Y3: Valor límite | Z3: Valor obtenido | AA3: Cumple con 15% tolerancia | AB3: Observaciones | AC3: Calificación | AD3: Valor límite | AE3: Valor obtenido | AF3: Cumple con 15% tolerancia | AG3: Observaciones | AH3: Calificación | AI3: Valor límite | AJ3: Valor obtenido | AK3: Cumple con 15% tolerancia | AL3: Observaciones | AM3: Calificación | AN3: Valor límite | AO3: Valor obtenido | AP3: Cumple con 15% tolerancia | AQ3: Observaciones | AR3: Calificación | AS3: Valor límite | AT3: Valor obtenido | AU3: Cumple con 15% tolerancia | AV3: Observaciones | AW3: Calificación | AX3: Valor límite | AY3: Valor obtenido | AZ3: Cumple con 15% tolerancia | BA3: Observaciones | BB3: Calificación | BC3: Valor límite | BD3: Valor obtenido | BE3: Cumple con 15% tolerancia | BF3: Observaciones | BG3: Calificación | BH3: Valor límite | BI3: Valor obtenido | BJ3: Cumple con 15% tolerancia | BK3: Observaciones | BL3: Calificación | BM3: Valor límite | BN3: Valor obtenido | BO3: Cumple con 15% tolerancia | BP3: Observaciones | BQ3: Calificación | BR3: Valor límite | BS3: Valor obtenido | BT3: Cumple con 15% tolerancia | BU3: Observaciones
B4: Flujo permanente | C4: Perfiles de flujo: para cada periodo de retorno evaluado indicar si existen desbordamientos, remansos o cambios bruscos en el desarrollo del perfil y plantear soluciones para obtener un perfil continuo y estable. | D4: 0 | I4: 0 | N4: 0 | S4: 0 | X4: 0 | AC4: 0 | AH4: 0 | AM4: 0 | AR4: 0 | AW4: 0 | BB4: 0 | BG4: 0 | BL4: 0 | BQ4: 0
C5: Profundidad crítica: evaluar la profundidad crítica e indicar el tipo de perfil hidráulico obtenido, indicar posiciones de Yc que se crucen con la profundidad de lámina o que esté por encima. Plantear soluciones para obtener profundidades críticas siempre por debajo de la profundidad normal y/o de lámina de agua en la zona prismática diseñada y modelada. Realizar el análisis en condiciones de flujo subcrítico y mixto.
C6: Borde libre: evaluar si el BL cumple con los criterios de diseño planteados para su proyecto, en caso de que sea menor indicar las posibles causas y plantear soluciones. | E6: 0.## m | F6: 0.## m | J6: 0.## m | K6: 0.## m | O6: 0.## m | P6: 0.## m | T6: 0.## m | U6: 0.## m | Y6: 0.## m | Z6: 0.## m | AD6: 0.## m | AE6: 0.## m | AI6: 0.## m | AJ6: 0.## m | AN6: 0.## m | AO6: 0.## m | AS6: 0.## m | AT6: 0.## m | AX6: 0.## m | AY6: 0.## m | BC6: 0.## m | BD6: 0.## m | BH6: 0.## m | BI6: 0.## m | BM6: 0.## m | BN6: 0.## m | BR6: 0.## m | BS6: 0.## m
C7: Elevación lámina de agua en secciones de diseño sinuoso para la sección dominante: evaluar la profundidad e indicar si se producen o no desbordamientos; recordar que la condición de diseño corresponde a tránsito o flujo hasta la corona.
C8: Velocidad de flujo: para los periodos de diseño de la sección dominante y de creciente, evaluar e indicar si las velocidades máximas y mínimas se cumplen de acuerdo a los límites establecidos para su proyecto; en caso de que no se cumplan indicar las posibles causas y los cambios que se tendrían que hacer en el diseño geométrico e hidráulico para cumplir con los criterios establecidos. | E8: #.## m/s #.## m/s | F8: #.## m/s #.## m/s | J8: #.## m/s #.## m/s | K8: #.## m/s #.## m/s | O8: #.## m/s #.## m/s | P8: #.## m/s #.## m/s | T8: #.## m/s #.## m/s | U8: #.## m/s #.## m/s | Y8: #.## m/s #.## m/s | Z8: #.## m/s #.## m/s | AD8: #.## m/s #.## m/s | AE8: #.## m/s #.## m/s | AI8: #.## m/s #.## m/s | AJ8: #.## m/s #.## m/s | AN8: #.## m/s #.## m/s | AO8: #.## m/s #.## m/s | AS8: #.## m/s #.## m/s | AT8: #.## m/s #.## m/s | AX8: #.## m/s #.## m/s | AY8: #.## m/s #.## m/s | BC8: #.## m/s #.## m/s | BD8: #.## m/s #.## m/s | BH8: #.## m/s #.## m/s | BI8: #.## m/s #.## m/s | BM8: #.## m/s #.## m/s | BN8: #.## m/s #.## m/s | BR8: #.## m/s #.## m/s | BS8: #.## m/s #.## m/s
C9: Esfuerzo cortante: para los periodos de diseño de la sección dominante y de creciente, evaluar e indicar si los esfuerzos cortantes máximos cumplen o están por debajo o muy próximos a los valores admisibles definidos; en caso de que no se cumplan indicar las posibles causas y los cambios que se tendrían que hacer en el diseño geométrico e hidráulico para cumplir con los criterios establecidos. | E9: ## N/m² ## N/m² | F9: ## N/m² ## N/m² | J9: ## N/m² ## N/m² | K9: ## N/m² ## N/m² | O9: ## N/m² ## N/m² | P9: ## N/m² ## N/m² | T9: ## N/m² ## N/m² | U9: ## N/m² ## N/m² | Y9: ## N/m² ## N/m² | Z9: ## N/m² ## N/m² | AD9: ## N/m² ## N/m² | AE9: ## N/m² ## N/m² | AI9: ## N/m² ## N/m² | AJ9: ## N/m² ## N/m² | AN9: ## N/m² ## N/m² | AO9: ## N/m² ## N/m² | AS9: ## N/m² ## N/m² | AT9: ## N/m² ## N/m² | AX9: ## N/m² ## N/m² | AY9: ## N/m² ## N/m² | BC9: ## N/m² ## N/m² | BD9: ## N/m² ## N/m² | BH9: ## N/m² ## N/m² | BI9: ## N/m² ## N/m² | BM9: ## N/m² ## N/m² | BN9: ## N/m² ## N/m² | BR9: ## N/m² ## N/m² | BS9: ## N/m² ## N/m²
C10: Energía máxima: para cada periodo de retorno evaluado, presentar el perfil de cada río con la línea de energía obtenida y presentar un análisis descriptivo.
B11: Flujo no permanente (opcional) | C11: Perfiles de flujo: para cada periodo de retorno evaluado indicar si existen desbordamientos, remansos o cambios bruscos en el desarrollo del perfil y plantear soluciones para obtener un perfil continuo y estable.
C12: Profundidad crítica (opcional): evaluar la profundidad crítica e indicar el tipo de perfil hidráulico obtenido, indicar posiciones de Yc que se crucen con la profundidad de lámina o que esté por encima. Plantear soluciones para obtener profundidades críticas siempre por debajo de la profundidad normal y/o de lámina de agua en la zona prismática diseñada y modelada. Realizar el análisis en condiciones de flujo subcrítico y mixto.
C13: Borde libre: evaluar si el BL cumple con los criterios de diseño planteados para su proyecto, en caso de que sea menor indicar las posibles causas y plantear soluciones.
C14: Elevación lámina de agua en secciones de diseño sinuoso para la sección dominante: evaluar la profundidad e indicar si se producen o no desbordamientos; recordar que la condición de diseño corresponde a tránsito o flujo hasta la corona.
C15: Velocidad de flujo: para los periodos de diseño de la sección dominante y de creciente, evaluar e indicar si las velocidades máximas y mínimas se cumplen de acuerdo a los límites establecidos para su proyecto; en caso de que no se cumplan indicar las posibles causas y los cambios que se tendrían que hacer en el diseño geométrico e hidráulico para cumplir con los criterios establecidos.
C16: Esfuerzo cortante: para los periodos de diseño de la sección dominante y de creciente, evaluar e indicar si los esfuerzos cortantes máximos cumplen o están por debajo o muy próximos a los valores admisibles definidos; en caso de que no se cumplan indicar las posibles causas y los cambios que se tendrían que hacer en el diseño geométrico e hidráulico para cumplir con los criterios establecidos.
C17: Energía máxima: para cada periodo de retorno evaluado, presentar el perfil de cada río con la línea de energía obtenida y presentar un análisis descriptivo.
B18: Reporte & .zip | C18: En caso de haber realizado ajustes en las condiciones de frontera para flujo permanente y no permanente, comprimir como HECRAS_v1_aaaammdd.zip.
C19: Informe técnico mostrando las actividades desarrolladas en el orden presentado en esta actividad, junto con los análisis y recomendaciones realizadas, convierta a Adobe Acrobat (.pdf) y guarde en la carpeta /report del repositorio de datos del proyecto.
B21: Calificación | D21: =AVERAGE(D4:D20) -> 0 | I21: =AVERAGE(I4:I20) -> 0 | N21: =AVERAGE(N4:N20) -> 0 | S21: =AVERAGE(S4:S20) -> 0 | X21: =AVERAGE(X4:X20) -> 0 | AC21: =AVERAGE(AC4:AC20) -> 0 | AH21: =AVERAGE(AH4:AH20) -> 0 | AM21: =AVERAGE(AM4:AM20) -> 0 | AR21: =AVERAGE(AR4:AR20) -> 0 | AW21: =AVERAGE(AW4:AW20) -> 0 | BB21: =AVERAGE(BB4:BB20) -> 0 | BG21: =AVERAGE(BG4:BG20) -> 0 | BL21: =AVERAGE(BL4:BL20) -> 0 | BQ21: =AVERAGE(BQ4:BQ20) -> 0

Sheet CumpleTolerancia
B2: Límite definido | C2: 20
B3: Valor obtenido | C3: 17.5
B4: Tolerancia admitida, % | C4: 20
B5: % cumplimiento | C5: =ABS(1-(C2/C3))*100 -> 14.285714
