Workbook

Sheet Calificacion
F1: M01A05
B2: Calificación: 1.5. Modelo topológico de muestreo en HEC-RAS para el estudio de secciones y perfiles
B4: Código | C4: Calificar sobre | D4: Calificación instructor | E4: Autocalificación alumno | F4: Calificación final
B5: Grupo 1 | C5: 5 | D5: =C5*Detalle!C39/5 -> 0 | F5: =AVERAGE(D5:E5) -> 0
B6: Grupo 2 | C6: 5 | D6: =C6*Detalle!E39/5 -> 0 | F6: =AVERAGE(D6:E6) -> 0
B7: Grupo 3 | C7: 5 | D7: =C7*Detalle!G39/5 -> 0 | F7: =AVERAGE(D7:E7) -> 0
B8: Grupo 4 | C8: 5 | D8: =C8*Detalle!I39/5 -> 0 | F8: =AVERAGE(D8:E8) -> 0
B9: Grupo 5 | C9: 5 | D9: =C9*Detalle!K39/5 -> 0 | F9: =AVERAGE(D9:E9) -> 0
B10: Grupo 6 | C10: 5 | D10: =C10*Detalle!M39/5 -> 0 | F10: =AVERAGE(D10:E10) -> 0
B11: Grupo 7 | C11: 5 | D11: =C11*Detalle!O39/5 -> 0 | F11: =AVERAGE(D11:E11) -> 0
B12: Grupo 8 | C12: 5 | D12: =C12*Detalle!Q39/5 -> 0 | F12: =AVERAGE(D12:E12) -> 0
B13: Grupo 9 | C13: 5 | D13: =C13*Detalle!S39/5 -> 0 | F13: =AVERAGE(D13:E13) -> 0
B14: Grupo 10 | C14: 5 | D14: =C14*Detalle!U39/5 -> 0 | F14: =AVERAGE(D14:E14) -> 0
B15: Grupo 11 | C15: 5 | D15: =C15*Detalle!W39/5 -> 0 | F15: =AVERAGE(D15:E15) -> 0
B16: Grupo 12 | C16: 5 | D16: =C16*Detalle!Y39/5 -> 0 | F16: =AVERAGE(D16:E16) -> 0
B17: Grupo 13 | C17: 5 | D17: =C17*Detalle!AA39/5 -> 0 | F17: =AVERAGE(D17:E17) -> 0
B18: Grupo 14 | C18: 5 | D18: =C18*Detalle!AC39/5 -> 0 | F18: =AVERAGE(D18:E18) -> 0
B19: https://github.com/rcfdtools/R.HCMC/blob/main/activity/M01A05/Readme.md

Sheet Detalle
B1: =Calificacion!B2 -> Calificación: 1.5. Modelo topológico de muestreo en HEC-RAS para el estudio de secciones y perfiles
B2: Requerimiento | C2: =Calificacion!B5 -> Grupo 1 | E2: =Calificacion!B6 -> Grupo 2 | G2: =Calificacion!B7 -> Grupo 3 | I2: =Calificacion!B8 -> Grupo 4 | K2: =Calificacion!B9 -> Grupo 5 | M2: =Calificacion!B10 -> Grupo 6 | O2: =Calificacion!B11 -> Grupo 7 | Q2: =Calificacion!B12 -> Grupo 8 | S2: =Calificacion!B13 -> Grupo 9 | U2: =Calificacion!B14 -> Grupo 10 | W2: =Calificacion!B15 -> Grupo 11 | Y2: =Calificacion!B16 -> Grupo 12 | AA2: =Calificacion!B17 -> Grupo 13 | AC2: =Calificacion!B18 -> Grupo 14
C3: Calificación | D3: Observaciones | E3: Calificación | F3: Observaciones | G3: Calificación | H3: Observaciones | I3: Calificación | J3: Observaciones | K3: Calificación | L3: Observaciones | M3: Calificación | N3: Observaciones | O3: Calificación | P3: Observaciones | Q3: Calificación | R3: Observaciones | S3: Calificación | T3: Observaciones | U3: Calificación | V3: Observaciones | W3: Calificación | X3: Observaciones | Y3: Calificación | Z3: Observaciones | AA3: Calificación | AB3: Observaciones | AC3: Calificación | AD3: Observaciones
B4: Modelo RAS Mapper. Red solo natural (incluir en reporte: planta de cada capa, líneas con direcciones vectoriales y tabla de atributos) | C4: 0 | E4: 0 | G4: 0 | I4: 0 | K4: 0 | M4: 0 | O4: 0 | Q4: 0 | S4: 0 | U4: 0 | W4: 0 | Y4: 0 | AA4: 0 | AC4: 0
B5: River
B6: Banks
B7: Flowpaths
B8: XSCutLines
B9: Bridge (opcional)
B10: Modelo RAS Mapper. Red con eje valle proyecto (incluir en reporte: planta de cada capa, líneas con direcciones vectoriales y tabla de atributos)
B11: River
B12: Banks
B13: Flowpaths
B14: XSCutLines
B15: Bridge (requerido)
B16: Modelo HEC-RAS 1D. Red solo natural
... B37: Archivos comprimidos en formato .zip con los modelo topológicos geográficos de HEC-GeoRAS / RAS Mapper y otros de los modelos HEC-RAS.
B39: Calificación | C39: =AVERAGE(C4:C38) -> 0 | E39: =AVERAGE(E4:E38) -> 0 | G39: =AVERAGE(G4:G38) -> 0 | I39: =AVERAGE(I4:I38) -> 0 | K39: =AVERAGE(K4:K38) -> 0 | M39: =AVERAGE(M4:M38) -> 0 | O39: =AVERAGE(O4:O38) -> 0 | Q39: =AVERAGE(Q4:Q38) -> 0 | S39: =AVERAGE(S4:S38) -> 0 | U39: =AVERAGE(U4:U38) -> 0 | W39: =AVERAGE(W4:W38) -> 0 | Y39: =AVERAGE(Y4:Y38) -> 0 | AA39: =AVERAGE(AA4:AA38) -> 0 | AC39: =AVERAGE(AC4:AC38) -> 0
