Workbook

Sheet Calificacion
F1: M01A00
B2: 1.0. Investigación de casos de estudio
B4: Código | C4: Calificar sobre | D4: Calificación profesor | E4: Autocalificación alumno | F4: Calificación final
B5: Grupo 1 | C5: 5 | D5: =RealineamientoReportado!E12 -> 0 | F5: =AVERAGE(D5:E5) -> 0
B6: Grupo 2 | C6: 5 | D6: =RealineamientoReportado!G12 -> 0 | F6: =AVERAGE(D6:E6) -> 0
B7: Grupo 3 | C7: 5 | D7: =RealineamientoReportado!I12 -> 0 | F7: =AVERAGE(D7:E7) -> 0
B8: Grupo 4 | C8: 5 | D8: =RealineamientoReportado!K12 -> 0 | F8: =AVERAGE(D8:E8) -> 0
B9: Grupo 5 | C9: 5 | D9: =RealineamientoReportado!M12 -> 0 | F9: =AVERAGE(D9:E9) -> 0
B10: Grupo 6 | C10: 5 | D10: =RealineamientoReportado!O12 -> 0 | F10: =AVERAGE(D10:E10) -> 0
B11: Grupo 7 | C11: 5 | D11: =RealineamientoReportado!Q12 -> 0 | F11: =AVERAGE(D11:E11) -> 0
B12: Grupo 8 | C12: 5 | D12: =RealineamientoReportado!S12 -> 0 | F12: =AVERAGE(D12:E12) -> 0
B13: Grupo 9 | C13: 5 | D13: =RealineamientoReportado!U12 -> 0 | F13: =AVERAGE(D13:E13) -> 0
B14: Grupo 10 | C14: 5 | D14: =RealineamientoReportado!W12 -> 0 | F14: =AVERAGE(D14:E14) -> 0
B15: Grupo 11 | C15: 5 | D15: =RealineamientoReportado!Y12 -> 0 | F15: =AVERAGE(D15:E15) -> 0
B16: Grupo 12 | C16: 5 | D16: =RealineamientoReportado!AA12 -> 0 | F16: =AVERAGE(D16:E16) -> 0
B17: Grupo 13 | C17: 5 | D17: =RealineamientoReportado!AC12 -> 0 | F17: =AVERAGE(D17:E17) -> 0
B18: Grupo 14 | C18: 5 | D18: =RealineamientoReportado!AE12 -> 0 | F18: =AVERAGE(D18:E18) -> 0
B19: https://github.com/rcfdtools/R.HCMC/blob/main/activity/M01A00/Readme.md

Sheet RealineamientoReportado
B1: Calificación: 1.0. Investigación de casos de estudio
E2: =Calificacion!B5 -> Grupo 1 | G2: =Calificacion!B6 -> Grupo 2 | I2: =Calificacion!B7 -> Grupo 3 | K2: =Calificacion!B8 -> Grupo 4 | M2: =Calificacion!B9 -> Grupo 5 | O2: =Calificacion!B10 -> Grupo 6 | Q2: =Calificacion!B11 -> Grupo 7 | S2: =Calificacion!B12 -> Grupo 8 | U2: =Calificacion!B13 -> Grupo 9 | W2: =Calificacion!B14 -> Grupo 10 | Y2: =Calificacion!B15 -> Grupo 11 | AA2: =Calificacion!B16 -> Grupo 12 | AC2: =Calificacion!B17 -> Grupo 13 | AE2: =Calificacion!B18 -> Grupo 14
B3: Tipo | C3: Parámetro | D3: Eval | E3: Calif. | F3: Observaciones | G3: Calif. | H3: Observaciones | I3: Calif. | J3: Observaciones | K3: Calif. | L3: Observaciones | M3: Calif. | N3: Observaciones | O3: Calif. | P3: Observaciones | Q3: Calif. | R3: Observaciones | S3: Calif. | T3: Observaciones | U3: Calif. | V3: Observaciones | W3: Calif. | X3: Observaciones | Y3: Calif. | Z3: Observaciones | AA3: Calif. | AB3: Observaciones | AC3: Calif. | AD3: Observaciones | AE3: Calif. | AF3: Observaciones
B4: Realineamiento reportado | C4: Resumen general del proyecto | D4: 1 | E4: 0 | G4: 0 | I4: 0 | K4: 0 | M4: 0 | O4: 0 | Q4: 0 | S4: 0 | U4: 0 | W4: 0 | Y4: 0 | AA4: 0 | AC4: 0 | AE4: 0
C5: Localizador geográfico con latitud y longitud en grados decimales (dd) | D5: 1
C6: Mapa de localización | D6: 1
C7: Parámetros hidráulicos | D7: 1
C8: Parámetros geométricos | D8: 1
C9: Referencias | D9: 1
C10: Referencias bibliográficas con links de acceso | D10: 1
B12: Calificación | E12: =AVERAGE(E4:E11) -> 0 | G12: =AVERAGE(G4:G11) -> 0 | I12: =AVERAGE(I4:I11) -> 0 | K12: =AVERAGE(K4:K11) -> 0 | M12: =AVERAGE(M4:M11) -> 0 | O12: =AVERAGE(O4:O11) -> 0 | Q12: =AVERAGE(Q4:Q11) -> 0 | S12: =AVERAGE(S4:S11) -> 0 | U12: =AVERAGE(U4:U11) -> 0 | W12: =AVERAGE(W4:W11) -> 0 | Y12: =AVERAGE(Y4:Y11) -> 0 | AA12: =AVERAGE(AA4:AA11) -> 0 | AC12: =AVERAGE(AC4:AC11) -> 0 | AE12: =AVERAGE(AE4:AE11) -> 0
